#syscall (v5.15.0 2021-11-03),x86,x86_64,x32,arm,aarch64,mips,mips64,mips64n32,parisc,parisc64,ppc,ppc64,riscv64,s390,s390x,sh
accept,KV_UNDEF,KV_PRE_5_17,KV_PRE_5_17,KV_PRE_5_17,KV_PRE_5_17,KV_PRE_5_17,KV_PRE_5_17,KV_PRE_5_17,KV_PRE_5_17,KV_PRE_5_17,KV_PRE_5_17,KV_PRE_5_17,KV_PRE_5_17,KV_UNDEF,KV_UNDEF,KV_PRE_5_17
accept4,KV_PRE_5_17,KV_PRE_5_17,KV_PRE_5_17,KV_PRE_5_17,KV_PRE_5_17,KV_PRE_5_17,KV_PRE_5_17,KV_PRE_5_17,KV_PRE_5_17,KV_PRE_5_17,KV_PRE_5_17,KV_PRE_5_17,KV_PRE_5_17,KV_PRE_5_17,KV_PRE_5_17,KV_PRE_5_17
access,KV_PRE_5_17,KV_PRE_5_17,KV_PRE_5_17,KV_PRE_5_17,KV_UNDEF,KV_PRE_5_17,KV_PRE_5_17,KV_PRE_5_17,KV_PRE_5_17,KV_PRE_5_17,KV_PRE_5_17,KV_PRE_5_17,KV_UNDEF,KV_PRE_5_17,KV_PRE_5_17,KV_PRE_5_17
acct,KV_PRE_5_17,KV_PRE_5_17,KV_PRE_5_17,KV_PRE_5_17,KV_PRE_5_17,KV_PRE_5_17,KV_PRE_5_17,KV_PRE_5_17,KV_PRE_5_17,KV_PRE_5_17,KV_PRE_5_17,KV_PRE_5_17,KV_PRE_5_17,KV_PRE_5_17,KV_PRE_5_17,KV_PRE_5_17
add_key,KV_PRE_5_17,KV_PRE_5_17,KV_PRE_5_17,KV_PRE_5_17,KV_PRE_5_17,KV_PRE_5_17,KV_PRE_5_17,KV_PRE_5_17,KV_PRE_5_17,KV_PRE_5_17,KV_PRE_5_17,KV_PRE_5_17,KV_PRE_5_17,KV_PRE_5_17,KV_PRE_5_17,KV_PRE_5_17
adjtimex,KV_PRE_5_17,KV_PRE_5_17,KV_PRE_5_17,KV_PRE_5_17,KV_PRE_5_17,KV_PRE_5_17,KV_PRE_5_17,KV_PRE_5_17,KV_PRE_5_17,KV_PRE_5_17,KV_PRE_5_17,KV_PRE_5_17,KV_PRE_5_17,KV_PRE_5_17,KV_PRE_5_17,KV_PRE_5_17
afs_syscall,KV_PRE_5_17,KV_PRE_5_17,KV_PRE_5_17,KV_UNDEF,KV_UNDEF,KV_PRE_5_17,KV_PRE_5_17,KV_PRE_5_17,KV_UNDEF,KV_UNDEF,KV_PRE_5_17,KV_PRE_5_17,KV_UNDEF,KV_PRE_5_17,KV_PRE_5_17,KV_UNDEF
alarm,KV_PRE_5_17,KV_PRE_5_17,KV_PRE_5_17,KV_UNDEF,KV_UNDEF,KV_PRE_5_17,KV_PRE_5_17,KV_PRE_5_17,KV_PRE_5_17,KV_PRE_5_17,KV_PRE_5_17,KV_PRE_5_17,KV_UNDEF,KV_PRE_5_17,KV_PRE_5_17,KV_PRE_5_17
arch_prctl,KV_PRE_5_17,KV_PRE_5_17,KV_PRE_5_17,KV_UNDEF,KV_UNDEF,KV_UNDEF,KV_UNDEF,KV_UNDEF,KV_UNDEF,KV_UNDEF,KV_UNDEF,KV_UNDEF,KV_UNDEF,KV_UNDEF,KV_UNDEF,KV_UNDEF
arm_fadvise64_64,KV_UNDEF,KV_UNDEF,KV_UNDEF,KV_PRE_5_17,KV_UNDEF,KV_UNDEF,KV_UNDEF,KV_UNDEF,KV_UNDEF,KV_UNDEF,KV_UNDEF,KV_UNDEF,KV_UNDEF,KV_UNDEF,KV_UNDEF,KV_UNDEF
arm_sync_file_range,KV_UNDEF,KV_UNDEF,KV_UNDEF,KV_PRE_5_17,KV_UNDEF,KV_UNDEF,KV_UNDEF,KV_UNDEF,KV_UNDEF,KV_UNDEF,KV_UNDEF,KV_UNDEF,KV_UNDEF,KV_UNDEF,KV_UNDEF,KV_UNDEF
bdflush,KV_PRE_5_17,KV_UNDEF,KV_UNDEF,KV_PRE_5_17,KV_UNDEF,KV_PRE_5_17,KV_UNDEF,KV_UNDEF,KV_PRE_5_17,KV_PRE_5_17,KV_PRE_5_17,KV_PRE_5_17,KV_UNDEF,KV_PRE_5_17,KV_PRE_5_17,KV_PRE_5_17
bind,KV_PRE_5_17,KV_PRE_5_17,KV_PRE_5_17,KV_PRE_5_17,KV_PRE_5_17,KV_PRE_5_17,KV_PRE_5_17,KV_PRE_5_17,KV_PRE_5_17,KV_PRE_5_17,KV_PRE_5_17,KV_PRE_5_17,KV_PRE_5_17,KV_PRE_5_17,KV_PRE_5_17,KV_PRE_5_17
bpf,KV_PRE_5_17,KV_PRE_5_17,KV_PRE_5_17,KV_PRE_5_17,KV_PRE_5_17,KV_PRE_5_17,KV_PRE_5_17,KV_PRE_5_17,KV_PRE_5_17,KV_PRE_5_17,KV_PRE_5_17,KV_PRE_5_17,KV_PRE_5_17,KV_PRE_5_17,KV_PRE_5_17,KV_PRE_5_17
break,KV_PRE_5_17,KV_UNDEF,KV_UNDEF,KV_UNDEF,KV_UNDEF,KV_PRE_5_17,KV_UNDEF,KV_UNDEF,KV_UNDEF,KV_UNDEF,KV_PRE_5_17,KV_PRE_5_17,KV_UNDEF,KV_UNDEF,KV_UNDEF,KV_UNDEF
breakpoint,KV_UNDEF,KV_UNDEF,KV_UNDEF,KV_PRE_5_17,KV_UNDEF,KV_UNDEF,KV_UNDEF,KV_UNDEF,KV_UNDEF,KV_UNDEF,KV_UNDEF,KV_UNDEF,KV_UNDEF,KV_UNDEF,KV_UNDEF,KV_UNDEF
brk,KV_PRE_5_17,KV_PRE_5_17,KV_PRE_5_17,KV_PRE_5_17,KV_PRE_5_17,KV_PRE_5_17,KV_PRE_5_17,KV_PRE_5_17,KV_PRE_5_17,KV_PRE_5_17,KV_PRE_5_17,KV_PRE_5_17,KV_PRE_5_17,KV_PRE_5_17,KV_PRE_5_17,KV_PRE_5_17
cachectl,KV_UNDEF,KV_UNDEF,KV_UNDEF,KV_UNDEF,KV_UNDEF,KV_PRE_5_17,KV_PRE_5_17,KV_PRE_5_17,KV_UNDEF,KV_UNDEF,KV_UNDEF,KV_UNDEF,KV_UNDEF,KV_UNDEF,KV_UNDEF,KV_UNDEF
cacheflush,KV_UNDEF,KV_UNDEF,KV_UNDEF,KV_PRE_5_17,KV_UNDEF,KV_PRE_5_17,KV_PRE_5_17,KV_PRE_5_17,KV_UNDEF,KV_UNDEF,KV_UNDEF,KV_UNDEF,KV_UNDEF,KV_UNDEF,KV_UNDEF,KV_PRE_5_17
capget,KV_PRE_5_17,KV_PRE_5_17,KV_PRE_5_17,KV_PRE_5_17,KV_PRE_5_17,KV_PRE_5_17,KV_PRE_5_17,KV_PRE_5_17,KV_PRE_5_17,KV_PRE_5_17,KV_PRE_5_17,KV_PRE_5_17,KV_PRE_5_17,KV_PRE_5_17,KV_PRE_5_17,KV_PRE_5_17
capset,KV_PRE_5_17,KV_PRE_5_17,KV_PRE_5_17,KV_PRE_5_17,KV_PRE_5_17,KV_PRE_5_17,KV_PRE_5_17,KV_PRE_5_17,KV_PRE_5_17,KV_PRE_5_17,KV_PRE_5_17,KV_PRE_5_17,KV_PRE_5_17,KV_PRE_5_17,KV_PRE_5_17,KV_PRE_5_17
chdir,KV_PRE_5_17,KV_PRE_5_17,KV_PRE_5_17,KV_PRE_5_17,KV_PRE_5_17,KV_PRE_5_17,KV_PRE_5_17,KV_PRE_5_17,KV_PRE_5_17,KV_PRE_5_17,KV_PRE_5_17,KV_PRE_5_17,KV_PRE_5_17,KV_PRE_5_17,KV_PRE_5_17,KV_PRE_5_17
chmod,KV_PRE_5_17,KV_PRE_5_17,KV_PRE_5_17,KV_PRE_5_17,KV_UNDEF,KV_PRE_5_17,KV_PRE_5_17,KV_PRE_5_17,KV_PRE_5_17,KV_PRE_5_17,KV_PRE_5_17,KV_PRE_5_17,KV_UNDEF,KV_PRE_5_17,KV_PRE_5_17,KV_PRE_5_17
chown,KV_PRE_5_17,KV_PRE_5_17,KV_PRE_5_17,KV_PRE_5_17,KV_UNDEF,KV_PRE_5_17,KV_PRE_5_17,KV_PRE_5_17,KV_PRE_5_17,KV_PRE_5_17,KV_PRE_5_17,KV_PRE_5_17,KV_UNDEF,KV_PRE_5_17,KV_PRE_5_17,KV_PRE_5_17
chown32,KV_PRE_5_17,KV_UNDEF,KV_UNDEF,KV_PRE_5_17,KV_UNDEF,KV_UNDEF,KV_UNDEF,KV_UNDEF,KV_UNDEF,KV_UNDEF,KV_UNDEF,KV_UNDEF,KV_UNDEF,KV_PRE_5_17,KV_UNDEF,KV_PRE_5_17
chroot,KV_PRE_5_17,KV_PRE_5_17,KV_PRE_5_17,KV_PRE_5_17,KV_PRE_5_17,KV_PRE_5_17,KV_PRE_5_17,KV_PRE_5_17,KV_PRE_5_17,KV_PRE_5_17,KV_PRE_5_17,KV_PRE_5_17,KV_PRE_5_17,KV_PRE_5_17,KV_PRE_5_17,KV_PRE_5_17
clock_adjtime,KV_PRE_5_17,KV_PRE_5_17,KV_PRE_5_17,KV_PRE_5_17,KV_PRE_5_17,KV_PRE_5_17,KV_PRE_5_17,KV_PRE_5_17,KV_PRE_5_17,KV_PRE_5_17,KV_PRE_5_17,KV_PRE_5_17,KV_PRE_5_17,KV_PRE_5_17,KV_PRE_5_17,KV_PRE_5_17
clock_adjtime64,KV_PRE_5_17,KV_UNDEF,KV_UNDEF,KV_PRE_5_17,KV_UNDEF,KV_PRE_5_17,KV_UNDEF,KV_PRE_5_17,KV_PRE_5_17,KV_UNDEF,KV_PRE_5_17,KV_UNDEF,KV_UNDEF,KV_PRE_5_17,KV_UNDEF,KV_PRE_5_17
clock_getres,KV_PRE_5_17,KV_PRE_5_17,KV_PRE_5_17,KV_PRE_5_17,KV_PRE_5_17,KV_PRE_5_17,KV_PRE_5_17,KV_PRE_5_17,KV_PRE_5_17,KV_PRE_5_17,KV_PRE_5_17,KV_PRE_5_17,KV_PRE_5_17,KV_PRE_5_17,KV_PRE_5_17,KV_PRE_5_17
clock_getres_time64,KV_PRE_5_17,KV_UNDEF,KV_UNDEF,KV_PRE_5_17,KV_UNDEF,KV_PRE_5_17,KV_UNDEF,KV_PRE_5_17,KV_PRE_5_17,KV_UNDEF,KV_PRE_5_17,KV_UNDEF,KV_UNDEF,KV_PRE_5_17,KV_UNDEF,KV_PRE_5_17
clock_gettime,KV_PRE_5_17,KV_PRE_5_17,KV_PRE_5_17,KV_PRE_5_17,KV_PRE_5_17,KV_PRE_5_17,KV_PRE_5_17,KV_PRE_5_17,KV_PRE_5_17,KV_PRE_5_17,KV_PRE_5_17,KV_PRE_5_17,KV_PRE_5_17,KV_PRE_5_17,KV_PRE_5_17,KV_PRE_5_17
clock_gettime64,KV_PRE_5_17,KV_UNDEF,KV_UNDEF,KV_PRE_5_17,KV_UNDEF,KV_PRE_5_17,KV_UNDEF,KV_PRE_5_17,KV_PRE_5_17,KV_UNDEF,KV_PRE_5_17,KV_UNDEF,KV_UNDEF,KV_PRE_5_17,KV_UNDEF,KV_PRE_5_17
clock_nanosleep,KV_PRE_5_17,KV_PRE_5_17,KV_PRE_5_17,KV_PRE_5_17,KV_PRE_5_17,KV_PRE_5_17,KV_PRE_5_17,KV_PRE_5_17,KV_PRE_5_17,KV_PRE_5_17,KV_PRE_5_17,KV_PRE_5_17,KV_PRE_5_17,KV_PRE_5_17,KV_PRE_5_17,KV_PRE_5_17
clock_nanosleep_time64,KV_PRE_5_17,KV_UNDEF,KV_UNDEF,KV_PRE_5_17,KV_UNDEF,KV_PRE_5_17,KV_UNDEF,KV_PRE_5_17,KV_PRE_5_17,KV_UNDEF,KV_PRE_5_17,KV_UNDEF,KV_UNDEF,KV_PRE_5_17,KV_UNDEF,KV_PRE_5_17
clock_settime,KV_PRE_5_17,KV_PRE_5_17,KV_PRE_5_17,KV_PRE_5_17,KV_PRE_5_17,KV_PRE_5_17,KV_PRE_5_17,KV_PRE_5_17,KV_PRE_5_17,KV_PRE_5_17,KV_PRE_5_17,KV_PRE_5_17,KV_PRE_5_17,KV_PRE_5_17,KV_PRE_5_17,KV_PRE_5_17
clock_settime64,KV_PRE_5_17,KV_UNDEF,KV_UNDEF,KV_PRE_5_17,KV_UNDEF,KV_PRE_5_17,KV_UNDEF,KV_PRE_5_17,KV_PRE_5_17,KV_UNDEF,KV_PRE_5_17,KV_UNDEF,KV_UNDEF,KV_PRE_5_17,KV_UNDEF,KV_PRE_5_17
clone,KV_PRE_5_17,KV_PRE_5_17,KV_PRE_5_17,KV_PRE_5_17,KV_PRE_5_17,KV_PRE_5_17,KV_PRE_5_17,KV_PRE_5_17,KV_PRE_5_17,KV_PRE_5_17,KV_PRE_5_17,KV_PRE_5_17,KV_PRE_5_17,KV_PRE_5_17,KV_PRE_5_17,KV_PRE_5_17
clone3,KV_PRE_5_17,KV_PRE_5_17,KV_PRE_5_17,KV_PRE_5_17,KV_PRE_5_17,KV_PRE_5_17,KV_PRE_5_17,KV_PRE_5_17,KV_PRE_5_17,KV_PRE_5_17,KV_PRE_5_17,KV_PRE_5_17,KV_PRE_5_17,KV_PRE_5_17,KV_PRE_5_17,KV_UNDEF
close,KV_PRE_5_17,KV_PRE_5_17,KV_PRE_5_17,KV_PRE_5_17,KV_PRE_5_17,KV_PRE_5_17,KV_PRE_5_17,KV_PRE_5_17,KV_PRE_5_17,KV_PRE_5_17,KV_PRE_5_17,KV_PRE_5_17,KV_PRE_5_17,KV_PRE_5_17,KV_PRE_5_17,KV_PRE_5_17
close_range,KV_PRE_5_17,KV_PRE_5_17,KV_PRE_5_17,KV_PRE_5_17,KV_PRE_5_17,KV_PRE_5_17,KV_PRE_5_17,KV_PRE_5_17,KV_PRE_5_17,KV_PRE_5_17,KV_PRE_5_17,KV_PRE_5_17,KV_PRE_5_17,KV_PRE_5_17,KV_PRE_5_17,KV_PRE_5_17
connect,KV_PRE_5_17,KV_PRE_5_17,KV_PRE_5_17,KV_PRE_5_17,KV_PRE_5_17,KV_PRE_5_17,KV_PRE_5_17,KV_PRE_5_17,KV_PRE_5_17,KV_PRE_5_17,KV_PRE_5_17,KV_PRE_5_17,KV_PRE_5_17,KV_PRE_5_17,KV_PRE_5_17,KV_PRE_5_17
copy_file_range,KV_PRE_5_17,KV_PRE_5_17,KV_PRE_5_17,KV_PRE_5_17,KV_PRE_5_17,KV_PRE_5_17,KV_PRE_5_17,KV_PRE_5_17,KV_PRE_5_17,KV_PRE_5_17,KV_PRE_5_17,KV_PRE_5_17,KV_PRE_5_17,KV_PRE_5_17,KV_PRE_5_17,KV_PRE_5_17
creat,KV_PRE_5_17,KV_PRE_5_17,KV_PRE_5_17,KV_PRE_5_17,KV_UNDEF,KV_PRE_5_17,KV_PRE_5_17,KV_PRE_5_17,KV_PRE_5_17,KV_PRE_5_17,KV_PRE_5_17,KV_PRE_5_17,KV_UNDEF,KV_PRE_5_17,KV_PRE_5_17,KV_PRE_5_17
create_module,KV_PRE_5_17,KV_PRE_5_17,KV_UNDEF,KV_UNDEF,KV_UNDEF,KV_PRE_5_17,KV_PRE_5_17,KV_PRE_5_17,KV_UNDEF,KV_UNDEF,KV_PRE_5_17,KV_PRE_5_17,KV_UNDEF,KV_PRE_5_17,KV_PRE_5_17,KV_UNDEF
delete_module,KV_PRE_5_17,KV_PRE_5_17,KV_PRE_5_17,KV_PRE_5_17,KV_PRE_5_17,KV_PRE_5_17,KV_PRE_5_17,KV_PRE_5_17,KV_PRE_5_17,KV_PRE_5_17,KV_PRE_5_17,KV_PRE_5_17,KV_PRE_5_17,KV_PRE_5_17,KV_PRE_5_17,KV_PRE_5_17
dup,KV_PRE_5_17,KV_PRE_5_17,KV_PRE_5_17,KV_PRE_5_17,KV_PRE_5_17,KV_PRE_5_17,KV_PRE_5_17,KV_PRE_5_17,KV_PRE_5_17,KV_PRE_5_17,KV_PRE_5_17,KV_PRE_5_17,KV_PRE_5_17,KV_PRE_5_17,KV_PRE_5_17,KV_PRE_5_17
dup2,KV_PRE_5_17,KV_PRE_5_17,KV_PRE_5_17,KV_PRE_5_17,KV_UNDEF,KV_PRE_5_17,KV_PRE_5_17,KV_PRE_5_17,KV_PRE_5_17,KV_PRE_5_17,KV_PRE_5_17,KV_PRE_5_17,KV_UNDEF,KV_PRE_5_17,KV_PRE_5_17,KV_PRE_5_17
dup3,KV_PRE_5_17,KV_PRE_5_17,KV_PRE_5_17,KV_PRE_5_17,KV_PRE_5_17,KV_PRE_5_17,KV_PRE_5_17,KV_PRE_5_17,KV_PRE_5_17,KV_PRE_5_17,KV_PRE_5_17,KV_PRE_5_17,KV_PRE_5_17,KV_PRE_5_17,KV_PRE_5_17,KV_PRE_5_17
epoll_create,KV_PRE_5_17,KV_PRE_5_17,KV_PRE_5_17,KV_PRE_5_17,KV_UNDEF,KV_PRE_5_17,KV_PRE_5_17,KV_PRE_5_17,KV_PRE_5_17,KV_PRE_5_17,KV_PRE_5_17,KV_PRE_5_17,KV_UNDEF,KV_PRE_5_17,KV_PRE_5_17,KV_PRE_5_17
epoll_create1,KV_PRE_5_17,KV_PRE_5_17,KV_PRE_5_17,KV_PRE_5_17,KV_PRE_5_17,KV_PRE_5_17,KV_PRE_5_17,KV_PRE_5_17,KV_PRE_5_17,KV_PRE_5_17,KV_PRE_5_17,KV_PRE_5_17,KV_PRE_5_17,KV_PRE_5_17,KV_PRE_5_17,KV_PRE_5_17
epoll_ctl,KV_PRE_5_17,KV_PRE_5_17,KV_PRE_5_17,KV_PRE_5_17,KV_PRE_5_17,KV_PRE_5_17,KV_PRE_5_17,KV_PRE_5_17,KV_PRE_5_17,KV_PRE_5_17,KV_PRE_5_17,KV_PRE_5_17,KV_PRE_5_17,KV_PRE_5_17,KV_PRE_5_17,KV_PRE_5_17
epoll_ctl_old,KV_UNDEF,KV_PRE_5_17,KV_UNDEF,KV_UNDEF,KV_UNDEF,KV_UNDEF,KV_UNDEF,KV_UNDEF,KV_UNDEF,KV_UNDEF,KV_UNDEF,KV_UNDEF,KV_UNDEF,KV_UNDEF,KV_UNDEF,KV_UNDEF
epoll_pwait,KV_PRE_5_17,KV_PRE_5_17,KV_PRE_5_17,KV_PRE_5_17,KV_PRE_5_17,KV_PRE_5_17,KV_PRE_5_17,KV_PRE_5_17,KV_PRE_5_17,KV_PRE_5_17,KV_PRE_5_17,KV_PRE_5_17,KV_PRE_5_17,KV_PRE_5_17,KV_PRE_5_17,KV_PRE_5_17
epoll_pwait2,KV_PRE_5_17,KV_PRE_5_17,KV_PRE_5_17,KV_PRE_5_17,KV_PRE_5_17,KV_PRE_5_17,KV_PRE_5_17,KV_PRE_5_17,KV_PRE_5_17,KV_PRE_5_17,KV_PRE_5_17,KV_PRE_5_17,KV_PRE_5_17,KV_PRE_5_17,KV_PRE_5_17,KV_PRE_5_17
epoll_wait,KV_PRE_5_17,KV_PRE_5_17,KV_PRE_5_17,KV_PRE_5_17,KV_UNDEF,KV_PRE_5_17,KV_PRE_5_17,KV_PRE_5_17,KV_PRE_5_17,KV_PRE_5_17,KV_PRE_5_17,KV_PRE_5_17,KV_UNDEF,KV_PRE_5_17,KV_PRE_5_17,KV_PRE_5_17
epoll_wait_old,KV_UNDEF,KV_PRE_5_17,KV_UNDEF,KV_UNDEF,KV_UNDEF,KV_UNDEF,KV_UNDEF,KV_UNDEF,KV_UNDEF,KV_UNDEF,KV_UNDEF,KV_UNDEF,KV_UNDEF,KV_UNDEF,KV_UNDEF,KV_UNDEF
eventfd,KV_PRE_5_17,KV_PRE_5_17,KV_PRE_5_17,KV_PRE_5_17,KV_UNDEF,KV_PRE_5_17,KV_PRE_5_17,KV_PRE_5_17,KV_PRE_5_17,KV_PRE_5_17,KV_PRE_5_17,KV_PRE_5_17,KV_UNDEF,KV_PRE_5_17,KV_PRE_5_17,KV_PRE_5_17
eventfd2,KV_PRE_5_17,KV_PRE_5_17,KV_PRE_5_17,KV_PRE_5_17,KV_PRE_5_17,KV_PRE_5_17,KV_PRE_5_17,KV_PRE_5_17,KV_PRE_5_17,KV_PRE_5_17,KV_PRE_5_17,KV_PRE_5_17,KV_PRE_5_17,KV_PRE_5_17,KV_PRE_5_17,KV_PRE_5_17
execve,KV_PRE_5_17,KV_PRE_5_17,KV_PRE_5_17,KV_PRE_5_17,KV_PRE_5_17,KV_PRE_5_17,KV_PRE_5_17,KV_PRE_5_17,KV_PRE_5_17,KV_PRE_5_17,KV_PRE_5_17,KV_PRE_5_17,KV_PRE_5_17,KV_PRE_5_17,KV_PRE_5_17,KV_PRE_5_17
execveat,KV_PRE_5_17,KV_PRE_5_17,KV_PRE_5_17,KV_PRE_5_17,KV_PRE_5_17,KV_PRE_5_17,KV_PRE_5_17,KV_PRE_5_17,KV_PRE_5_17,KV_PRE_5_17,KV_PRE_5_17,KV_PRE_5_17,KV_PRE_5_17,KV_PRE_5_17,KV_PRE_5_17,KV_PRE_5_17
exit,KV_PRE_5_17,KV_PRE_5_17,KV_PRE_5_17,KV_PRE_5_17,KV_PRE_5_17,KV_PRE_5_17,KV_PRE_5_17,KV_PRE_5_17,KV_PRE_5_17,KV_PRE_5_17,KV_PRE_5_17,KV_PRE_5_17,KV_PRE_5_17,KV_PRE_5_17,KV_PRE_5_17,KV_PRE_5_17
exit_group,KV_PRE_5_17,KV_PRE_5_17,KV_PRE_5_17,KV_PRE_5_17,KV_PRE_5_17,KV_PRE_5_17,KV_PRE_5_17,KV_PRE_5_17,KV_PRE_5_17,KV_PRE_5_17,KV_PRE_5_17,KV_PRE_5_17,KV_PRE_5_17,KV_PRE_5_17,KV_PRE_5_17,KV_PRE_5_17
faccessat,KV_PRE_5_17,KV_PRE_5_17,KV_PRE_5_17,KV_PRE_5_17,KV_PRE_5_17,KV_PRE_5_17,KV_PRE_5_17,KV_PRE_5_17,KV_PRE_5_17,KV_PRE_5_17,KV_PRE_5_17,KV_PRE_5_17,KV_PRE_5_17,KV_PRE_5_17,KV_PRE_5_17,KV_PRE_5_17
faccessat2,KV_PRE_5_17,KV_PRE_5_17,KV_PRE_5_17,KV_PRE_5_17,KV_PRE_5_17,KV_PRE_5_17,KV_PRE_5_17,KV_PRE_5_17,KV_PRE_5_17,KV_PRE_5_17,KV_PRE_5_17,KV_PRE_5_17,KV_PRE_5_17,KV_PRE_5_17,KV_PRE_5_17,KV_PRE_5_17
fadvise64,KV_PRE_5_17,KV_PRE_5_17,KV_PRE_5_17,KV_UNDEF,KV_PRE_5_17,KV_PRE_5_17,KV_PRE_5_17,KV_PRE_5_17,KV_UNDEF,KV_UNDEF,KV_PRE_5_17,KV_PRE_5_17,KV_PRE_5_17,KV_PRE_5_17,KV_PRE_5_17,KV_PRE_5_17
fadvise64_64,KV_PRE_5_17,KV_UNDEF,KV_UNDEF,KV_UNDEF,KV_UNDEF,KV_UNDEF,KV_UNDEF,KV_UNDEF,KV_PRE_5_17,KV_PRE_5_17,KV_PRE_5_17,KV_UNDEF,KV_UNDEF,KV_PRE_5_17,KV_UNDEF,KV_PRE_5_17
fallocate,KV_PRE_5_17,KV_PRE_5_17,KV_PRE_5_17,KV_PRE_5_17,KV_PRE_5_17,KV_PRE_5_17,KV_PRE_5_17,KV_PRE_5_17,KV_PRE_5_17,KV_PRE_5_17,KV_PRE_5_17,KV_PRE_5_17,KV_PRE_5_17,KV_PRE_5_17,KV_PRE_5_17,KV_PRE_5_17
fanotify_init,KV_PRE_5_17,KV_PRE_5_17,KV_PRE_5_17,KV_PRE_5_17,KV_PRE_5_17,KV_PRE_5_17,KV_PRE_5_17,KV_PRE_5_17,KV_PRE_5_17,KV_PRE_5_17,KV_PRE_5_17,KV_PRE_5_17,KV_PRE_5_17,KV_PRE_5_17,KV_PRE_5_17,KV_PRE_5_17
fanotify_mark,KV_PRE_5_17,KV_PRE_5_17,KV_PRE_5_17,KV_PRE_5_17,KV_PRE_5_17,KV_PRE_5_17,KV_PRE_5_17,KV_PRE_5_17,KV_PRE_5_17,KV_PRE_5_17,KV_PRE_5_17,KV_PRE_5_17,KV_PRE_5_17,KV_PRE_5_17,KV_PRE_5_17,KV_PRE_5_17
fchdir,KV_PRE_5_17,KV_PRE_5_17,KV_PRE_5_17,KV_PRE_5_17,KV_PRE_5_17,KV_PRE_5_17,KV_PRE_5_17,KV_PRE_5_17,KV_PRE_5_17,KV_PRE_5_17,KV_PRE_5_17,KV_PRE_5_17,KV_PRE_5_17,KV_PRE_5_17,KV_PRE_5_17,KV_PRE_5_17
fchmod,KV_PRE_5_17,KV_PRE_5_17,KV_PRE_5_17,KV_PRE_5_17,KV_PRE_5_17,KV_PRE_5_17,KV_PRE_5_17,KV_PRE_5_17,KV_PRE_5_17,KV_PRE_5_17,KV_PRE_5_17,KV_PRE_5_17,KV_PRE_5_17,KV_PRE_5_17,KV_PRE_5_17,KV_PRE_5_17
fchmodat,KV_PRE_5_17,KV_PRE_5_17,KV_PRE_5_17,KV_PRE_5_17,KV_PRE_5_17,KV_PRE_5_17,KV_PRE_5_17,KV_PRE_5_17,KV_PRE_5_17,KV_PRE_5_17,KV_PRE_5_17,KV_PRE_5_17,KV_PRE_5_17,KV_PRE_5_17,KV_PRE_5_17,KV_PRE_5_17
fchown,KV_PRE_5_17,KV_PRE_5_17,KV_PRE_5_17,KV_PRE_5_17,KV_PRE_5_17,KV_PRE_5_17,KV_PRE_5_17,KV_PRE_5_17,KV_PRE_5_17,KV_PRE_5_17,KV_PRE_5_17,KV_PRE_5_17,KV_PRE_5_17,KV_PRE_5_17,KV_PRE_5_17,KV_PRE_5_17
fchown32,KV_PRE_5_17,KV_UNDEF,KV_UNDEF,KV_PRE_5_17,KV_UNDEF,KV_UNDEF,KV_UNDEF,KV_UNDEF,KV_UNDEF,KV_UNDEF,KV_UNDEF,KV_UNDEF,KV_UNDEF,KV_PRE_5_17,KV_UNDEF,KV_PRE_5_17
fchownat,KV_PRE_5_17,KV_PRE_5_17,KV_PRE_5_17,KV_PRE_5_17,KV_PRE_5_17,KV_PRE_5_17,KV_PRE_5_17,KV_PRE_5_17,KV_PRE_5_17,KV_PRE_5_17,KV_PRE_5_17,KV_PRE_5_17,KV_PRE_5_17,KV_PRE_5_17,KV_PRE_5_17,KV_PRE_5_17
fcntl,KV_PRE_5_17,KV_PRE_5_17,KV_PRE_5_17,KV_PRE_5_17,KV_PRE_5_17,KV_PRE_5_17,KV_PRE_5_17,KV_PRE_5_17,KV_PRE_5_17,KV_PRE_5_17,KV_PRE_5_17,KV_PRE_5_17,KV_PRE_5_17,KV_PRE_5_17,KV_PRE_5_17,KV_PRE_5_17
fcntl64,KV_PRE_5_17,KV_UNDEF,KV_UNDEF,KV_PRE_5_17,KV_UNDEF,KV_PRE_5_17,KV_UNDEF,KV_PRE_5_17,KV_PRE_5_17,KV_PRE_5_17,KV_PRE_5_17,KV_UNDEF,KV_UNDEF,KV_PRE_5_17,KV_UNDEF,KV_PRE_5_17
fdatasync,KV_PRE_5_17,KV_PRE_5_17,KV_PRE_5_17,KV_PRE_5_17,KV_PRE_5_17,KV_PRE_5_17,KV_PRE_5_17,KV_PRE_5_17,KV_PRE_5_17,KV_PRE_5_17,KV_PRE_5_17,KV_PRE_5_17,KV_PRE_5_17,KV_PRE_5_17,KV_PRE_5_17,KV_PRE_5_17
fgetxattr,KV_PRE_5_17,KV_PRE_5_17,KV_PRE_5_17,KV_PRE_5_17,KV_PRE_5_17,KV_PRE_5_17,KV_PRE_5_17,KV_PRE_5_17,KV_PRE_5_17,KV_PRE_5_17,KV_PRE_5_17,KV_PRE_5_17,KV_PRE_5_17,KV_PRE_5_17,KV_PRE_5_17,KV_PRE_5_17
finit_module,KV_PRE_5_17,KV_PRE_5_17,KV_PRE_5_17,KV_PRE_5_17,KV_PRE_5_17,KV_PRE_5_17,KV_PRE_5_17,KV_PRE_5_17,KV_PRE_5_17,KV_PRE_5_17,KV_PRE_5_17,KV_PRE_5_17,KV_PRE_5_17,KV_PRE_5_17,KV_PRE_5_17,KV_PRE_5_17
flistxattr,KV_PRE_5_17,KV_PRE_5_17,KV_PRE_5_17,KV_PRE_5_17,KV_PRE_5_17,KV_PRE_5_17,KV_PRE_5_17,KV_PRE_5_17,KV_PRE_5_17,KV_PRE_5_17,KV_PRE_5_17,KV_PRE_5_17,KV_PRE_5_17,KV_PRE_5_17,KV_PRE_5_17,KV_PRE_5_17
flock,KV_PRE_5_17,KV_PRE_5_17,KV_PRE_5_17,KV_PRE_5_17,KV_PRE_5_17,KV_PRE_5_17,KV_PRE_5_17,KV_PRE_5_17,KV_PRE_5_17,KV_PRE_5_17,KV_PRE_5_17,KV_PRE_5_17,KV_PRE_5_17,KV_PRE_5_17,KV_PRE_5_17,KV_PRE_5_17
fork,KV_PRE_5_17,KV_PRE_5_17,KV_PRE_5_17,KV_PRE_5_17,KV_UNDEF,KV_PRE_5_17,KV_PRE_5_17,KV_PRE_5_17,KV_PRE_5_17,KV_PRE_5_17,KV_PRE_5_17,KV_PRE_5_17,KV_UNDEF,KV_PRE_5_17,KV_PRE_5_17,KV_PRE_5_17
fremovexattr,KV_PRE_5_17,KV_PRE_5_17,KV_PRE_5_17,KV_PRE_5_17,KV_PRE_5_17,KV_PRE_5_17,KV_PRE_5_17,KV_PRE_5_17,KV_PRE_5_17,KV_PRE_5_17,KV_PRE_5_17,KV_PRE_5_17,KV_PRE_5_17,KV_PRE_5_17,KV_PRE_5_17,KV_PRE_5_17
fsconfig,KV_PRE_5_17,KV_PRE_5_17,KV_PRE_5_17,KV_PRE_5_17,KV_PRE_5_17,KV_PRE_5_17,KV_PRE_5_17,KV_PRE_5_17,KV_PRE_5_17,KV_PRE_5_17,KV_PRE_5_17,KV_PRE_5_17,KV_PRE_5_17,KV_PRE_5_17,KV_PRE_5_17,KV_PRE_5_17
fsetxattr,KV_PRE_5_17,KV_PRE_5_17,KV_PRE_5_17,KV_PRE_5_17,KV_PRE_5_17,KV_PRE_5_17,KV_PRE_5_17,KV_PRE_5_17,KV_PRE_5_17,KV_PRE_5_17,KV_PRE_5_17,KV_PRE_5_17,KV_PRE_5_17,KV_PRE_5_17,KV_PRE_5_17,KV_PRE_5_17
fsmount,KV_PRE_5_17,KV_PRE_5_17,KV_PRE_5_17,KV_PRE_5_17,KV_PRE_5_17,KV_PRE_5_17,KV_PRE_5_17,KV_PRE_5_17,KV_PRE_5_17,KV_PRE_5_17,KV_PRE_5_17,KV_PRE_5_17,KV_PRE_5_17,KV_PRE_5_17,KV_PRE_5_17,KV_PRE_5_17
fsopen,KV_PRE_5_17,KV_PRE_5_17,KV_PRE_5_17,KV_PRE_5_17,KV_PRE_5_17,KV_PRE_5_17,KV_PRE_5_17,KV_PRE_5_17,KV_PRE_5_17,KV_PRE_5_17,KV_PRE_5_17,KV_PRE_5_17,KV_PRE_5_17,KV_PRE_5_17,KV_PRE_5_17,KV_PRE_5_17
fspick,KV_PRE_5_17,KV_PRE_5_17,KV_PRE_5_17,KV_PRE_5_17,KV_PRE_5_17,KV_PRE_5_17,KV_PRE_5_17,KV_PRE_5_17,KV_PRE_5_17,KV_PRE_5_17,KV_PRE_5_17,KV_PRE_5_17,KV_PRE_5_17,KV_PRE_5_17,KV_PRE_5_17,KV_PRE_5_17
fstat,KV_PRE_5_17,KV_PRE_5_17,KV_PRE_5_17,KV_PRE_5_17,KV_PRE_5_17,KV_PRE_5_17,KV_PRE_5_17,KV_PRE_5_17,KV_PRE_5_17,KV_PRE_5_17,KV_PRE_5_17,KV_PRE_5_17,KV_PRE_5_17,KV_PRE_5_17,KV_PRE_5_17,KV_PRE_5_17
fstat64,KV_PRE_5_17,KV_UNDEF,KV_UNDEF,KV_PRE_5_17,KV_UNDEF,KV_PRE_5_17,KV_UNDEF,KV_UNDEF,KV_PRE_5_17,KV_PRE_5_17,KV_PRE_5_17,KV_UNDEF,KV_UNDEF,KV_PRE_5_17,KV_UNDEF,KV_PRE_5_17
fstatat64,KV_PRE_5_17,KV_UNDEF,KV_UNDEF,KV_PRE_5_17,KV_UNDEF,KV_PRE_5_17,KV_UNDEF,KV_UNDEF,KV_PRE_5_17,KV_PRE_5_17,KV_PRE_5_17,KV_UNDEF,KV_UNDEF,KV_PRE_5_17,KV_UNDEF,KV_PRE_5_17
fstatfs,KV_PRE_5_17,KV_PRE_5_17,KV_PRE_5_17,KV_PRE_5_17,KV_PRE_5_17,KV_PRE_5_17,KV_PRE_5_17,KV_PRE_5_17,KV_PRE_5_17,KV_PRE_5_17,KV_PRE_5_17,KV_PRE_5_17,KV_PRE_5_17,KV_PRE_5_17,KV_PRE_5_17,KV_PRE_5_17
fstatfs64,KV_PRE_5_17,KV_UNDEF,KV_UNDEF,KV_PRE_5_17,KV_UNDEF,KV_PRE_5_17,KV_UNDEF,KV_PRE_5_17,KV_PRE_5_17,KV_PRE_5_17,KV_PRE_5_17,KV_PRE_5_17,KV_UNDEF,KV_PRE_5_17,KV_PRE_5_17,KV_PRE_5_17
fsync,KV_PRE_5_17,KV_PRE_5_17,KV_PRE_5_17,KV_PRE_5_17,KV_PRE_5_17,KV_PRE_5_17,KV_PRE_5_17,KV_PRE_5_17,KV_PRE_5_17,KV_PRE_5_17,KV_PRE_5_17,KV_PRE_5_17,KV_PRE_5_17,KV_PRE_5_17,KV_PRE_5_17,KV_PRE_5_17
ftime,KV_PRE_5_17,KV_UNDEF,KV_UNDEF,KV_UNDEF,KV_UNDEF,KV_PRE_5_17,KV_UNDEF,KV_UNDEF,KV_UNDEF,KV_UNDEF,KV_PRE_5_17,KV_PRE_5_17,KV_UNDEF,KV_UNDEF,KV_UNDEF,KV_UNDEF
ftruncate,KV_PRE_5_17,KV_PRE_5_17,KV_PRE_5_17,KV_PRE_5_17,KV_PRE_5_17,KV_PRE_5_17,KV_PRE_5_17,KV_PRE_5_17,KV_PRE_5_17,KV_PRE_5_17,KV_PRE_5_17,KV_PRE_5_17,KV_PRE_5_17,KV_PRE_5_17,KV_PRE_5_17,KV_PRE_5_17
ftruncate64,KV_PRE_5_17,KV_UNDEF,KV_UNDEF,KV_PRE_5_17,KV_UNDEF,KV_PRE_5_17,KV_UNDEF,KV_UNDEF,KV_PRE_5_17,KV_PRE_5_17,KV_PRE_5_17,KV_UNDEF,KV_UNDEF,KV_PRE_5_17,KV_UNDEF,KV_PRE_5_17
futex,KV_PRE_5_17,KV_PRE_5_17,KV_PRE_5_17,KV_PRE_5_17,KV_PRE_5_17,KV_PRE_5_17,KV_PRE_5_17,KV_PRE_5_17,KV_PRE_5_17,KV_PRE_5_17,KV_PRE_5_17,KV_PRE_5_17,KV_PRE_5_17,KV_PRE_5_17,KV_PRE_5_17,KV_PRE_5_17
futex_time64,KV_PRE_5_17,KV_UNDEF,KV_UNDEF,KV_PRE_5_17,KV_UNDEF,KV_PRE_5_17,KV_UNDEF,KV_PRE_5_17,KV_PRE_5_17,KV_UNDEF,KV_PRE_5_17,KV_UNDEF,KV_UNDEF,KV_PRE_5_17,KV_UNDEF,KV_PRE_5_17
futimesat,KV_PRE_5_17,KV_PRE_5_17,KV_PRE_5_17,KV_PRE_5_17,KV_UNDEF,KV_PRE_5_17,KV_PRE_5_17,KV_PRE_5_17,KV_PRE_5_17,KV_PRE_5_17,KV_PRE_5_17,KV_PRE_5_17,KV_UNDEF,KV_PRE_5_17,KV_PRE_5_17,KV_PRE_5_17
getcpu,KV_PRE_5_17,KV_PRE_5_17,KV_PRE_5_17,KV_PRE_5_17,KV_PRE_5_17,KV_PRE_5_17,KV_PRE_5_17,KV_PRE_5_17,KV_PRE_5_17,KV_PRE_5_17,KV_PRE_5_17,KV_PRE_5_17,KV_PRE_5_17,KV_PRE_5_17,KV_PRE_5_17,KV_PRE_5_17
getcwd,KV_PRE_5_17,KV_PRE_5_17,KV_PRE_5_17,KV_PRE_5_17,KV_PRE_5_17,KV_PRE_5_17,KV_PRE_5_17,KV_PRE_5_17,KV_PRE_5_17,KV_PRE_5_17,KV_PRE_5_17,KV_PRE_5_17,KV_PRE_5_17,KV_PRE_5_17,KV_PRE_5_17,KV_PRE_5_17
getdents,KV_PRE_5_17,KV_PRE_5_17,KV_PRE_5_17,KV_PRE_5_17,KV_UNDEF,KV_PRE_5_17,KV_PRE_5_17,KV_PRE_5_17,KV_PRE_5_17,KV_PRE_5_17,KV_PRE_5_17,KV_PRE_5_17,KV_UNDEF,KV_PRE_5_17,KV_PRE_5_17,KV_PRE_5_17
getdents64,KV_PRE_5_17,KV_PRE_5_17,KV_PRE_5_17,KV_PRE_5_17,KV_PRE_5_17,KV_PRE_5_17,KV_PRE_5_17,KV_PRE_5_17,KV_PRE_5_17,KV_PRE_5_17,KV_PRE_5_17,KV_PRE_5_17,KV_PRE_5_17,KV_PRE_5_17,KV_PRE_5_17,KV_PRE_5_17
getegid,KV_PRE_5_17,KV_PRE_5_17,KV_PRE_5_17,KV_PRE_5_17,KV_PRE_5_17,KV_PRE_5_17,KV_PRE_5_17,KV_PRE_5_17,KV_PRE_5_17,KV_PRE_5_17,KV_PRE_5_17,KV_PRE_5_17,KV_PRE_5_17,KV_PRE_5_17,KV_PRE_5_17,KV_PRE_5_17
getegid32,KV_PRE_5_17,KV_UNDEF,KV_UNDEF,KV_PRE_5_17,KV_UNDEF,KV_UNDEF,KV_UNDEF,KV_UNDEF,KV_UNDEF,KV_UNDEF,KV_UNDEF,KV_UNDEF,KV_UNDEF,KV_PRE_5_17,KV_UNDEF,KV_PRE_5_17
geteuid,KV_PRE_5_17,KV_PRE_5_17,KV_PRE_5_17,KV_PRE_5_17,KV_PRE_5_17,KV_PRE_5_17,KV_PRE_5_17,KV_PRE_5_17,KV_PRE_5_17,KV_PRE_5_17,KV_PRE_5_17,KV_PRE_5_17,KV_PRE_5_17,KV_PRE_5_17,KV_PRE_5_17,KV_PRE_5_17
geteuid32,KV_PRE_5_17,KV_UNDEF,KV_UNDEF,KV_PRE_5_17,KV_UNDEF,KV_UNDEF,KV_UNDEF,KV_UNDEF,KV_UNDEF,KV_UNDEF,KV_UNDEF,KV_UNDEF,KV_UNDEF,KV_PRE_5_17,KV_UNDEF,KV_PRE_5_17
getgid,KV_PRE_5_17,KV_PRE_5_17,KV_PRE_5_17,KV_PRE_5_17,KV_PRE_5_17,KV_PRE_5_17,KV_PRE_5_17,KV_PRE_5_17,KV_PRE_5_17,KV_PRE_5_17,KV_PRE_5_17,KV_PRE_5_17,KV_PRE_5_17,KV_PRE_5_17,KV_PRE_5_17,KV_PRE_5_17
getgid32,KV_PRE_5_17,KV_UNDEF,KV_UNDEF,KV_PRE_5_17,KV_UNDEF,KV_UNDEF,KV_UNDEF,KV_UNDEF,KV_UNDEF,KV_UNDEF,KV_UNDEF,KV_UNDEF,KV_UNDEF,KV_PRE_5_17,KV_UNDEF,KV_PRE_5_17
getgroups,KV_PRE_5_17,KV_PRE_5_17,KV_PRE_5_17,KV_PRE_5_17,KV_PRE_5_17,KV_PRE_5_17,KV_PRE_5_17,KV_PRE_5_17,KV_PRE_5_17,KV_PRE_5_17,KV_PRE_5_17,KV_PRE_5_17,KV_PRE_5_17,KV_PRE_5_17,KV_PRE_5_17,KV_PRE_5_17
getgroups32,KV_PRE_5_17,KV_UNDEF,KV_UNDEF,KV_PRE_5_17,KV_UNDEF,KV_UNDEF,KV_UNDEF,KV_UNDEF,KV_UNDEF,KV_UNDEF,KV_UNDEF,KV_UNDEF,KV_UNDEF,KV_PRE_5_17,KV_UNDEF,KV_PRE_5_17
getitimer,KV_PRE_5_17,KV_PRE_5_17,KV_PRE_5_17,KV_PRE_5_17,KV_PRE_5_17,KV_PRE_5_17,KV_PRE_5_17,KV_PRE_5_17,KV_PRE_5_17,KV_PRE_5_17,KV_PRE_5_17,KV_PRE_5_17,KV_PRE_5_17,KV_PRE_5_17,KV_PRE_5_17,KV_PRE_5_17
get_kernel_syms,KV_PRE_5_17,KV_PRE_5_17,KV_UNDEF,KV_UNDEF,KV_UNDEF,KV_PRE_5_17,KV_PRE_5_17,KV_PRE_5_17,KV_UNDEF,KV_UNDEF,KV_PRE_5_17,KV_PRE_5_17,KV_UNDEF,KV_PRE_5_17,KV_PRE_5_17,KV_UNDEF
get_mempolicy,KV_PRE_5_17,KV_PRE_5_17,KV_PRE_5_17,KV_PRE_5_17,KV_PRE_5_17,KV_PRE_5_17,KV_PRE_5_17,KV_PRE_5_17,KV_PRE_5_17,KV_PRE_5_17,KV_PRE_5_17,KV_PRE_5_17,KV_PRE_5_17,KV_PRE_5_17,KV_PRE_5_17,KV_PRE_5_17
getpeername,KV_PRE_5_17,KV_PRE_5_17,KV_PRE_5_17,KV_PRE_5_17,KV_PRE_5_17,KV_PRE_5_17,KV_PRE_5_17,KV_PRE_5_17,KV_PRE_5_17,KV_PRE_5_17,KV_PRE_5_17,KV_PRE_5_17,KV_PRE_5_17,KV_PRE_5_17,KV_PRE_5_17,KV_PRE_5_17
getpgid,KV_PRE_5_17,KV_PRE_5_17,KV_PRE_5_17,KV_PRE_5_17,KV_PRE_5_17,KV_PRE_5_17,KV_PRE_5_17,KV_PRE_5_17,KV_PRE_5_17,KV_PRE_5_17,KV_PRE_5_17,KV_PRE_5_17,KV_PRE_5_17,KV_PRE_5_17,KV_PRE_5_17,KV_PRE_5_17
getpgrp,KV_PRE_5_17,KV_PRE_5_17,KV_PRE_5_17,KV_PRE_5_17,KV_UNDEF,KV_PRE_5_17,KV_PRE_5_17,KV_PRE_5_17,KV_PRE_5_17,KV_PRE_5_17,KV_PRE_5_17,KV_PRE_5_17,KV_UNDEF,KV_PRE_5_17,KV_PRE_5_17,KV_PRE_5_17
getpid,KV_PRE_5_17,KV_PRE_5_17,KV_PRE_5_17,KV_PRE_5_17,KV_PRE_5_17,KV_PRE_5_17,KV_PRE_5_17,KV_PRE_5_17,KV_PRE_5_17,KV_PRE_5_17,KV_PRE_5_17,KV_PRE_5_17,KV_PRE_5_17,KV_PRE_5_17,KV_PRE_5_17,KV_PRE_5_17
getpmsg,KV_PRE_5_17,KV_PRE_5_17,KV_PRE_5_17,KV_UNDEF,KV_UNDEF,KV_PRE_5_17,KV_PRE_5_17,KV_PRE_5_17,KV_UNDEF,KV_UNDEF,KV_PRE_5_17,KV_PRE_5_17,KV_UNDEF,KV_PRE_5_17,KV_PRE_5_17,KV_UNDEF
getppid,KV_PRE_5_17,KV_PRE_5_17,KV_PRE_5_17,KV_PRE_5_17,KV_PRE_5_17,KV_PRE_5_17,KV_PRE_5_17,KV_PRE_5_17,KV_PRE_5_17,KV_PRE_5_17,KV_PRE_5_17,KV_PRE_5_17,KV_PRE_5_17,KV_PRE_5_17,KV_PRE_5_17,KV_PRE_5_17
getpriority,KV_PRE_5_17,KV_PRE_5_17,KV_PRE_5_17,KV_PRE_5_17,KV_PRE_5_17,KV_PRE_5_17,KV_PRE_5_17,KV_PRE_5_17,KV_PRE_5_17,KV_PRE_5_17,KV_PRE_5_17,KV_PRE_5_17,KV_PRE_5_17,KV_PRE_5_17,KV_PRE_5_17,KV_PRE_5_17
getrandom,KV_PRE_5_17,KV_PRE_5_17,KV_PRE_5_17,KV_PRE_5_17,KV_PRE_5_17,KV_PRE_5_17,KV_PRE_5_17,KV_PRE_5_17,KV_PRE_5_17,KV_PRE_5_17,KV_PRE_5_17,KV_PRE_5_17,KV_PRE_5_17,KV_PRE_5_17,KV_PRE_5_17,KV_PRE_5_17
getresgid,KV_PRE_5_17,KV_PRE_5_17,KV_PRE_5_17,KV_PRE_5_17,KV_PRE_5_17,KV_PRE_5_17,KV_PRE_5_17,KV_PRE_5_17,KV_PRE_5_17,KV_PRE_5_17,KV_PRE_5_17,KV_PRE_5_17,KV_PRE_5_17,KV_PRE_5_17,KV_PRE_5_17,KV_PRE_5_17
getresgid32,KV_PRE_5_17,KV_UNDEF,KV_UNDEF,KV_PRE_5_17,KV_UNDEF,KV_UNDEF,KV_UNDEF,KV_UNDEF,KV_UNDEF,KV_UNDEF,KV_UNDEF,KV_UNDEF,KV_UNDEF,KV_PRE_5_17,KV_UNDEF,KV_PRE_5_17
getresuid,KV_PRE_5_17,KV_PRE_5_17,KV_PRE_5_17,KV_PRE_5_17,KV_PRE_5_17,KV_PRE_5_17,KV_PRE_5_17,KV_PRE_5_17,KV_PRE_5_17,KV_PRE_5_17,KV_PRE_5_17,KV_PRE_5_17,KV_PRE_5_17,KV_PRE_5_17,KV_PRE_5_17,KV_PRE_5_17
getresuid32,KV_PRE_5_17,KV_UNDEF,KV_UNDEF,KV_PRE_5_17,KV_UNDEF,KV_UNDEF,KV_UNDEF,KV_UNDEF,KV_UNDEF,KV_UNDEF,KV_UNDEF,KV_UNDEF,KV_UNDEF,KV_PRE_5_17,KV_UNDEF,KV_PRE_5_17
getrlimit,KV_PRE_5_17,KV_PRE_5_17,KV_PRE_5_17,KV_UNDEF,KV_PRE_5_17,KV_PRE_5_17,KV_PRE_5_17,KV_PRE_5_17,KV_PRE_5_17,KV_PRE_5_17,KV_PRE_5_17,KV_PRE_5_17,KV_PRE_5_17,KV_PRE_5_17,KV_PRE_5_17,KV_PRE_5_17
get_robust_list,KV_PRE_5_17,KV_PRE_5_17,KV_PRE_5_17,KV_PRE_5_17,KV_PRE_5_17,KV_PRE_5_17,KV_PRE_5_17,KV_PRE_5_17,KV_PRE_5_17,KV_PRE_5_17,KV_PRE_5_17,KV_PRE_5_17,KV_PRE_5_17,KV_PRE_5_17,KV_PRE_5_17,KV_PRE_5_17
getrusage,KV_PRE_5_17,KV_PRE_5_17,KV_PRE_5_17,KV_PRE_5_17,KV_PRE_5_17,KV_PRE_5_17,KV_PRE_5_17,KV_PRE_5_17,KV_PRE_5_17,KV_PRE_5_17,KV_PRE_5_17,KV_PRE_5_17,KV_PRE_5_17,KV_PRE_5_17,KV_PRE_5_17,KV_PRE_5_17
getsid,KV_PRE_5_17,KV_PRE_5_17,KV_PRE_5_17,KV_PRE_5_17,KV_PRE_5_17,KV_PRE_5_17,KV_PRE_5_17,KV_PRE_5_17,KV_PRE_5_17,KV_PRE_5_17,KV_PRE_5_17,KV_PRE_5_17,KV_PRE_5_17,KV_PRE_5_17,KV_PRE_5_17,KV_PRE_5_17
getsockname,KV_PRE_5_17,KV_PRE_5_17,KV_PRE_5_17,KV_PRE_5_17,KV_PRE_5_17,KV_PRE_5_17,KV_PRE_5_17,KV_PRE_5_17,KV_PRE_5_17,KV_PRE_5_17,KV_PRE_5_17,KV_PRE_5_17,KV_PRE_5_17,KV_PRE_5_17,KV_PRE_5_17,KV_PRE_5_17
getsockopt,KV_PRE_5_17,KV_PRE_5_17,KV_PRE_5_17,KV_PRE_5_17,KV_PRE_5_17,KV_PRE_5_17,KV_PRE_5_17,KV_PRE_5_17,KV_PRE_5_17,KV_PRE_5_17,KV_PRE_5_17,KV_PRE_5_17,KV_PRE_5_17,KV_PRE_5_17,KV_PRE_5_17,KV_PRE_5_17
get_thread_area,KV_PRE_5_17,KV_PRE_5_17,KV_UNDEF,KV_UNDEF,KV_UNDEF,KV_UNDEF,KV_UNDEF,KV_UNDEF,KV_UNDEF,KV_UNDEF,KV_UNDEF,KV_UNDEF,KV_UNDEF,KV_UNDEF,KV_UNDEF,KV_UNDEF
gettid,KV_PRE_5_17,KV_PRE_5_17,KV_PRE_5_17,KV_PRE_5_17,KV_PRE_5_17,KV_PRE_5_17,KV_PRE_5_17,KV_PRE_5_17,KV_PRE_5_17,KV_PRE_5_17,KV_PRE_5_17,KV_PRE_5_17,KV_PRE_5_17,KV_PRE_5_17,KV_PRE_5_17,KV_PRE_5_17
gettimeofday,KV_PRE_5_17,KV_PRE_5_17,KV_PRE_5_17,KV_PRE_5_17,KV_PRE_5_17,KV_PRE_5_17,KV_PRE_5_17,KV_PRE_5_17,KV_PRE_5_17,KV_PRE_5_17,KV_PRE_5_17,KV_PRE_5_17,KV_PRE_5_17,KV_PRE_5_17,KV_PRE_5_17,KV_PRE_5_17
get_tls,KV_UNDEF,KV_UNDEF,KV_UNDEF,KV_PRE_5_17,KV_UNDEF,KV_UNDEF,KV_UNDEF,KV_UNDEF,KV_UNDEF,KV_UNDEF,KV_UNDEF,KV_UNDEF,KV_UNDEF,KV_UNDEF,KV_UNDEF,KV_UNDEF
getuid,KV_PRE_5_17,KV_PRE_5_17,KV_PRE_5_17,KV_PRE_5_17,KV_PRE_5_17,KV_PRE_5_17,KV_PRE_5_17,KV_PRE_5_17,KV_PRE_5_17,KV_PRE_5_17,KV_PRE_5_17,KV_PRE_5_17,KV_PRE_5_17,KV_PRE_5_17,KV_PRE_5_17,KV_PRE_5_17
getuid32,KV_PRE_5_17,KV_UNDEF,KV_UNDEF,KV_PRE_5_17,KV_UNDEF,KV_UNDEF,KV_UNDEF,KV_UNDEF,KV_UNDEF,KV_UNDEF,KV_UNDEF,KV_UNDEF,KV_UNDEF,KV_PRE_5_17,KV_UNDEF,KV_PRE_5_17
getxattr,KV_PRE_5_17,KV_PRE_5_17,KV_PRE_5_17,KV_PRE_5_17,KV_PRE_5_17,KV_PRE_5_17,KV_PRE_5_17,KV_PRE_5_17,KV_PRE_5_17,KV_PRE_5_17,KV_PRE_5_17,KV_PRE_5_17,KV_PRE_5_17,KV_PRE_5_17,KV_PRE_5_17,KV_PRE_5_17
gtty,KV_PRE_5_17,KV_UNDEF,KV_UNDEF,KV_UNDEF,KV_UNDEF,KV_PRE_5_17,KV_UNDEF,KV_UNDEF,KV_UNDEF,KV_UNDEF,KV_PRE_5_17,KV_PRE_5_17,KV_UNDEF,KV_UNDEF,KV_UNDEF,KV_UNDEF
idle,KV_PRE_5_17,KV_UNDEF,KV_UNDEF,KV_UNDEF,KV_UNDEF,KV_PRE_5_17,KV_UNDEF,KV_UNDEF,KV_UNDEF,KV_UNDEF,KV_PRE_5_17,KV_PRE_5_17,KV_UNDEF,KV_PRE_5_17,KV_PRE_5_17,KV_UNDEF
init_module,KV_PRE_5_17,KV_PRE_5_17,KV_PRE_5_17,KV_PRE_5_17,KV_PRE_5_17,KV_PRE_5_17,KV_PRE_5_17,KV_PRE_5_17,KV_PRE_5_17,KV_PRE_5_17,KV_PRE_5_17,KV_PRE_5_17,KV_PRE_5_17,KV_PRE_5_17,KV_PRE_5_17,KV_PRE_5_17
inotify_add_watch,KV_PRE_5_17,KV_PRE_5_17,KV_PRE_5_17,KV_PRE_5_17,KV_PRE_5_17,KV_PRE_5_17,KV_PRE_5_17,KV_PRE_5_17,KV_PRE_5_17,KV_PRE_5_17,KV_PRE_5_17,KV_PRE_5_17,KV_PRE_5_17,KV_PRE_5_17,KV_PRE_5_17,KV_PRE_5_17
inotify_init,KV_PRE_5_17,KV_PRE_5_17,KV_PRE_5_17,KV_PRE_5_17,KV_UNDEF,KV_PRE_5_17,KV_PRE_5_17,KV_PRE_5_17,KV_PRE_5_17,KV_PRE_5_17,KV_PRE_5_17,KV_PRE_5_17,KV_UNDEF,KV_PRE_5_17,KV_PRE_5_17,KV_PRE_5_17
inotify_init1,KV_PRE_5_17,KV_PRE_5_17,KV_PRE_5_17,KV_PRE_5_17,KV_PRE_5_17,KV_PRE_5_17,KV_PRE_5_17,KV_PRE_5_17,KV_PRE_5_17,KV_PRE_5_17,KV_PRE_5_17,KV_PRE_5_17,KV_PRE_5_17,KV_PRE_5_17,KV_PRE_5_17,KV_PRE_5_17
inotify_rm_watch,KV_PRE_5_17,KV_PRE_5_17,KV_PRE_5_17,KV_PRE_5_17,KV_PRE_5_17,KV_PRE_5_17,KV_PRE_5_17,KV_PRE_5_17,KV_PRE_5_17,KV_PRE_5_17,KV_PRE_5_17,KV_PRE_5_17,KV_PRE_5_17,KV_PRE_5_17,KV_PRE_5_17,KV_PRE_5_17
io_cancel,KV_PRE_5_17,KV_PRE_5_17,KV_PRE_5_17,KV_PRE_5_17,KV_PRE_5_17,KV_PRE_5_17,KV_PRE_5_17,KV_PRE_5_17,KV_PRE_5_17,KV_PRE_5_17,KV_PRE_5_17,KV_PRE_5_17,KV_PRE_5_17,KV_PRE_5_17,KV_PRE_5_17,KV_PRE_5_17
ioctl,KV_PRE_5_17,KV_PRE_5_17,KV_PRE_5_17,KV_PRE_5_17,KV_PRE_5_17,KV_PRE_5_17,KV_PRE_5_17,KV_PRE_5_17,KV_PRE_5_17,KV_PRE_5_17,KV_PRE_5_17,KV_PRE_5_17,KV_PRE_5_17,KV_PRE_5_17,KV_PRE_5_17,KV_PRE_5_17
io_destroy,KV_PRE_5_17,KV_PRE_5_17,KV_PRE_5_17,KV_PRE_5_17,KV_PRE_5_17,KV_PRE_5_17,KV_PRE_5_17,KV_PRE_5_17,KV_PRE_5_17,KV_PRE_5_17,KV_PRE_5_17,KV_PRE_5_17,KV_PRE_5_17,KV_PRE_5_17,KV_PRE_5_17,KV_PRE_5_17
io_getevents,KV_PRE_5_17,KV_PRE_5_17,KV_PRE_5_17,KV_PRE_5_17,KV_PRE_5_17,KV_PRE_5_17,KV_PRE_5_17,KV_PRE_5_17,KV_PRE_5_17,KV_PRE_5_17,KV_PRE_5_17,KV_PRE_5_17,KV_PRE_5_17,KV_PRE_5_17,KV_PRE_5_17,KV_PRE_5_17
ioperm,KV_PRE_5_17,KV_PRE_5_17,KV_PRE_5_17,KV_UNDEF,KV_UNDEF,KV_PRE_5_17,KV_UNDEF,KV_UNDEF,KV_UNDEF,KV_UNDEF,KV_PRE_5_17,KV_PRE_5_17,KV_UNDEF,KV_PRE_5_17,KV_UNDEF,KV_UNDEF
io_pgetevents,KV_PRE_5_17,KV_PRE_5_17,KV_PRE_5_17,KV_PRE_5_17,KV_PRE_5_17,KV_PRE_5_17,KV_PRE_5_17,KV_PRE_5_17,KV_PRE_5_17,KV_PRE_5_17,KV_PRE_5_17,KV_PRE_5_17,KV_PRE_5_17,KV_PRE_5_17,KV_PRE_5_17,KV_UNDEF
io_pgetevents_time64,KV_PRE_5_17,KV_UNDEF,KV_UNDEF,KV_PRE_5_17,KV_UNDEF,KV_PRE_5_17,KV_UNDEF,KV_PRE_5_17,KV_PRE_5_17,KV_UNDEF,KV_PRE_5_17,KV_UNDEF,KV_UNDEF,KV_PRE_5_17,KV_UNDEF,KV_PRE_5_17
iopl,KV_PRE_5_17,KV_PRE_5_17,KV_PRE_5_17,KV_UNDEF,KV_UNDEF,KV_PRE_5_17,KV_UNDEF,KV_UNDEF,KV_UNDEF,KV_UNDEF,KV_PRE_5_17,KV_PRE_5_17,KV_UNDEF,KV_UNDEF,KV_UNDEF,KV_UNDEF
ioprio_get,KV_PRE_5_17,KV_PRE_5_17,KV_PRE_5_17,KV_PRE_5_17,KV_PRE_5_17,KV_PRE_5_17,KV_PRE_5_17,KV_PRE_5_17,KV_PRE_5_17,KV_PRE_5_17,KV_PRE_5_17,KV_PRE_5_17,KV_PRE_5_17,KV_PRE_5_17,KV_PRE_5_17,KV_PRE_5_17
ioprio_set,KV_PRE_5_17,KV_PRE_5_17,KV_PRE_5_17,KV_PRE_5_17,KV_PRE_5_17,KV_PRE_5_17,KV_PRE_5_17,KV_PRE_5_17,KV_PRE_5_17,KV_PRE_5_17,KV_PRE_5_17,KV_PRE_5_17,KV_PRE_5_17,KV_PRE_5_17,KV_PRE_5_17,KV_PRE_5_17
io_setup,KV_PRE_5_17,KV_PRE_5_17,KV_PRE_5_17,KV_PRE_5_17,KV_PRE_5_17,KV_PRE_5_17,KV_PRE_5_17,KV_PRE_5_17,KV_PRE_5_17,KV_PRE_5_17,KV_PRE_5_17,KV_PRE_5_17,KV_PRE_5_17,KV_PRE_5_17,KV_PRE_5_17,KV_PRE_5_17
io_submit,KV_PRE_5_17,KV_PRE_5_17,KV_PRE_5_17,KV_PRE_5_17,KV_PRE_5_17,KV_PRE_5_17,KV_PRE_5_17,KV_PRE_5_17,KV_PRE_5_17,KV_PRE_5_17,KV_PRE_5_17,KV_PRE_5_17,KV_PRE_5_17,KV_PRE_5_17,KV_PRE_5_17,KV_PRE_5_17
io_uring_enter,KV_PRE_5_17,KV_PRE_5_17,KV_PRE_5_17,KV_PRE_5_17,KV_PRE_5_17,KV_PRE_5_17,KV_PRE_5_17,KV_PRE_5_17,KV_PRE_5_17,KV_PRE_5_17,KV_PRE_5_17,KV_PRE_5_17,KV_PRE_5_17,KV_PRE_5_17,KV_PRE_5_17,KV_PRE_5_17
io_uring_register,KV_PRE_5_17,KV_PRE_5_17,KV_PRE_5_17,KV_PRE_5_17,KV_PRE_5_17,KV_PRE_5_17,KV_PRE_5_17,KV_PRE_5_17,KV_PRE_5_17,KV_PRE_5_17,KV_PRE_5_17,KV_PRE_5_17,KV_PRE_5_17,KV_PRE_5_17,KV_PRE_5_17,KV_PRE_5_17
io_uring_setup,KV_PRE_5_17,KV_PRE_5_17,KV_PRE_5_17,KV_PRE_5_17,KV_PRE_5_17,KV_PRE_5_17,KV_PRE_5_17,KV_PRE_5_17,KV_PRE_5_17,KV_PRE_5_17,KV_PRE_5_17,KV_PRE_5_17,KV_PRE_5_17,KV_PRE_5_17,KV_PRE_5_17,KV_PRE_5_17
ipc,KV_PRE_5_17,KV_UNDEF,KV_UNDEF,KV_UNDEF,KV_UNDEF,KV_PRE_5_17,KV_UNDEF,KV_UNDEF,KV_UNDEF,KV_UNDEF,KV_PRE_5_17,KV_PRE_5_17,KV_UNDEF,KV_PRE_5_17,KV_PRE_5_17,KV_PRE_5_17
kcmp,KV_PRE_5_17,KV_PRE_5_17,KV_PRE_5_17,KV_PRE_5_17,KV_PRE_5_17,KV_PRE_5_17,KV_PRE_5_17,KV_PRE_5_17,KV_PRE_5_17,KV_PRE_5_17,KV_PRE_5_17,KV_PRE_5_17,KV_PRE_5_17,KV_PRE_5_17,KV_PRE_5_17,KV_PRE_5_17
kexec_file_load,KV_UNDEF,KV_PRE_5_17,KV_PRE_5_17,KV_PRE_5_17,KV_PRE_5_17,KV_UNDEF,KV_UNDEF,KV_UNDEF,KV_PRE_5_17,KV_PRE_5_17,KV_PRE_5_17,KV_PRE_5_17,KV_PRE_5_17,KV_PRE_5_17,KV_PRE_5_17,KV_UNDEF
kexec_load,KV_PRE_5_17,KV_PRE_5_17,KV_PRE_5_17,KV_PRE_5_17,KV_PRE_5_17,KV_PRE_5_17,KV_PRE_5_17,KV_PRE_5_17,KV_PRE_5_17,KV_PRE_5_17,KV_PRE_5_17,KV_PRE_5_17,KV_PRE_5_17,KV_PRE_5_17,KV_PRE_5_17,KV_PRE_5_17
keyctl,KV_PRE_5_17,KV_PRE_5_17,KV_PRE_5_17,KV_PRE_5_17,KV_PRE_5_17,KV_PRE_5_17,KV_PRE_5_17,KV_PRE_5_17,KV_PRE_5_17,KV_PRE_5_17,KV_PRE_5_17,KV_PRE_5_17,KV_PRE_5_17,KV_PRE_5_17,KV_PRE_5_17,KV_PRE_5_17
kill,KV_PRE_5_17,KV_PRE_5_17,KV_PRE_5_17,KV_PRE_5_17,KV_PRE_5_17,KV_PRE_5_17,KV_PRE_5_17,KV_PRE_5_17,KV_PRE_5_17,KV_PRE_5_17,KV_PRE_5_17,KV_PRE_5_17,KV_PRE_5_17,KV_PRE_5_17,KV_PRE_5_17,KV_PRE_5_17
landlock_add_rule,KV_PRE_5_17,KV_PRE_5_17,KV_PRE_5_17,KV_PRE_5_17,KV_PRE_5_17,KV_PRE_5_17,KV_PRE_5_17,KV_PRE_5_17,KV_PRE_5_17,KV_PRE_5_17,KV_PRE_5_17,KV_PRE_5_17,KV_PRE_5_17,KV_PRE_5_17,KV_PRE_5_17,KV_PRE_5_17
landlock_create_ruleset,KV_PRE_5_17,KV_PRE_5_17,KV_PRE_5_17,KV_PRE_5_17,KV_PRE_5_17,KV_PRE_5_17,KV_PRE_5_17,KV_PRE_5_17,KV_PRE_5_17,KV_PRE_5_17,KV_PRE_5_17,KV_PRE_5_17,KV_PRE_5_17,KV_PRE_5_17,KV_PRE_5_17,KV_PRE_5_17
landlock_restrict_self,KV_PRE_5_17,KV_5_17,KV_PRE_5_17,KV_PRE_5_17,KV_PRE_5_17,KV_PRE_5_17,KV_PRE_5_17,KV_PRE_5_17,KV_PRE_5_17,KV_PRE_5_17,KV_PRE_5_17,KV_PRE_5_17,KV_PRE_5_17,KV_PRE_5_17,KV_PRE_5_17,KV_PRE_5_17
lchown,KV_PRE_5_17,KV_PRE_5_17,KV_PRE_5_17,KV_PRE_5_17,KV_UNDEF,KV_PRE_5_17,KV_PRE_5_17,KV_PRE_5_17,KV_PRE_5_17,KV_PRE_5_17,KV_PRE_5_17,KV_PRE_5_17,KV_UNDEF,KV_PRE_5_17,KV_PRE_5_17,KV_PRE_5_17
lchown32,KV_PRE_5_17,KV_UNDEF,KV_UNDEF,KV_PRE_5_17,KV_UNDEF,KV_UNDEF,KV_UNDEF,KV_UNDEF,KV_UNDEF,KV_UNDEF,KV_UNDEF,KV_UNDEF,KV_UNDEF,KV_PRE_5_17,KV_UNDEF,KV_PRE_5_17
lgetxattr,KV_PRE_5_17,KV_PRE_5_17,KV_PRE_5_17,KV_PRE_5_17,KV_PRE_5_17,KV_PRE_5_17,KV_PRE_5_17,KV_PRE_5_17,KV_PRE_5_17,KV_PRE_5_17,KV_PRE_5_17,KV_PRE_5_17,KV_PRE_5_17,KV_PRE_5_17,KV_PRE_5_17,KV_PRE_5_17
link,KV_PRE_5_17,KV_PRE_5_17,KV_PRE_5_17,KV_PRE_5_17,KV_UNDEF,KV_PRE_5_17,KV_PRE_5_17,KV_PRE_5_17,KV_PRE_5_17,KV_PRE_5_17,KV_PRE_5_17,KV_PRE_5_17,KV_UNDEF,KV_PRE_5_17,KV_PRE_5_17,KV_PRE_5_17
linkat,KV_PRE_5_17,KV_PRE_5_17,KV_PRE_5_17,KV_PRE_5_17,KV_PRE_5_17,KV_PRE_5_17,KV_PRE_5_17,KV_PRE_5_17,KV_PRE_5_17,KV_PRE_5_17,KV_PRE_5_17,KV_PRE_5_17,KV_PRE_5_17,KV_PRE_5_17,KV_PRE_5_17,KV_PRE_5_17
listen,KV_PRE_5_17,KV_PRE_5_17,KV_PRE_5_17,KV_PRE_5_17,KV_PRE_5_17,KV_PRE_5_17,KV_PRE_5_17,KV_PRE_5_17,KV_PRE_5_17,KV_PRE_5_17,KV_PRE_5_17,KV_PRE_5_17,KV_PRE_5_17,KV_PRE_5_17,KV_PRE_5_17,KV_PRE_5_17
listxattr,KV_PRE_5_17,KV_PRE_5_17,KV_PRE_5_17,KV_PRE_5_17,KV_PRE_5_17,KV_PRE_5_17,KV_PRE_5_17,KV_PRE_5_17,KV_PRE_5_17,KV_PRE_5_17,KV_PRE_5_17,KV_PRE_5_17,KV_PRE_5_17,KV_PRE_5_17,KV_PRE_5_17,KV_PRE_5_17
llistxattr,KV_PRE_5_17,KV_PRE_5_17,KV_PRE_5_17,KV_PRE_5_17,KV_PRE_5_17,KV_PRE_5_17,KV_PRE_5_17,KV_PRE_5_17,KV_PRE_5_17,KV_PRE_5_17,KV_PRE_5_17,KV_PRE_5_17,KV_PRE_5_17,KV_PRE_5_17,KV_PRE_5_17,KV_PRE_5_17
_llseek,KV_PRE_5_17,KV_UNDEF,KV_UNDEF,KV_PRE_5_17,KV_UNDEF,KV_PRE_5_17,KV_UNDEF,KV_UNDEF,KV_PRE_5_17,KV_PRE_5_17,KV_PRE_5_17,KV_PRE_5_17,KV_UNDEF,KV_PRE_5_17,KV_UNDEF,KV_PRE_5_17
lock,KV_PRE_5_17,KV_UNDEF,KV_UNDEF,KV_UNDEF,KV_UNDEF,KV_PRE_5_17,KV_UNDEF,KV_UNDEF,KV_UNDEF,KV_UNDEF,KV_PRE_5_17,KV_PRE_5_17,KV_UNDEF,KV_UNDEF,KV_UNDEF,KV_UNDEF
lookup_dcookie,KV_PRE_5_17,KV_PRE_5_17,KV_PRE_5_17,KV_PRE_5_17,KV_PRE_5_17,KV_PRE_5_17,KV_PRE_5_17,KV_PRE_5_17,KV_PRE_5_17,KV_PRE_5_17,KV_PRE_5_17,KV_PRE_5_17,KV_PRE_5_17,KV_PRE_5_17,KV_PRE_5_17,KV_PRE_5_17
lremovexattr,KV_PRE_5_17,KV_PRE_5_17,KV_PRE_5_17,KV_PRE_5_17,KV_PRE_5_17,KV_PRE_5_17,KV_PRE_5_17,KV_PRE_5_17,KV_PRE_5_17,KV_PRE_5_17,KV_PRE_5_17,KV_PRE_5_17,KV_PRE_5_17,KV_PRE_5_17,KV_PRE_5_17,KV_PRE_5_17
lseek,KV_PRE_5_17,KV_PRE_5_17,KV_PRE_5_17,KV_PRE_5_17,KV_PRE_5_17,KV_PRE_5_17,KV_PRE_5_17,KV_PRE_5_17,KV_PRE_5_17,KV_PRE_5_17,KV_PRE_5_17,KV_PRE_5_17,KV_PRE_5_17,KV_PRE_5_17,KV_PRE_5_17,KV_PRE_5_17
lsetxattr,KV_PRE_5_17,KV_PRE_5_17,KV_PRE_5_17,KV_PRE_5_17,KV_PRE_5_17,KV_PRE_5_17,KV_PRE_5_17,KV_PRE_5_17,KV_PRE_5_17,KV_PRE_5_17,KV_PRE_5_17,KV_PRE_5_17,KV_PRE_5_17,KV_PRE_5_17,KV_PRE_5_17,KV_PRE_5_17
lstat,KV_PRE_5_17,KV_PRE_5_17,KV_PRE_5_17,KV_PRE_5_17,KV_UNDEF,KV_PRE_5_17,KV_PRE_5_17,KV_PRE_5_17,KV_PRE_5_17,KV_PRE_5_17,KV_PRE_5_17,KV_PRE_5_17,KV_UNDEF,KV_PRE_5_17,KV_PRE_5_17,KV_PRE_5_17
lstat64,KV_PRE_5_17,KV_UNDEF,KV_UNDEF,KV_PRE_5_17,KV_UNDEF,KV_PRE_5_17,KV_UNDEF,KV_UNDEF,KV_PRE_5_17,KV_PRE_5_17,KV_PRE_5_17,KV_UNDEF,KV_UNDEF,KV_PRE_5_17,KV_UNDEF,KV_PRE_5_17
madvise,KV_PRE_5_17,KV_PRE_5_17,KV_PRE_5_17,KV_PRE_5_17,KV_PRE_5_17,KV_PRE_5_17,KV_PRE_5_17,KV_PRE_5_17,KV_PRE_5_17,KV_PRE_5_17,KV_PRE_5_17,KV_PRE_5_17,KV_PRE_5_17,KV_PRE_5_17,KV_PRE_5_17,KV_PRE_5_17
mbind,KV_PRE_5_17,KV_PRE_5_17,KV_PRE_5_17,KV_PRE_5_17,KV_PRE_5_17,KV_PRE_5_17,KV_PRE_5_17,KV_PRE_5_17,KV_PRE_5_17,KV_PRE_5_17,KV_PRE_5_17,KV_PRE_5_17,KV_PRE_5_17,KV_PRE_5_17,KV_PRE_5_17,KV_PRE_5_17
membarrier,KV_PRE_5_17,KV_PRE_5_17,KV_PRE_5_17,KV_PRE_5_17,KV_PRE_5_17,KV_PRE_5_17,KV_PRE_5_17,KV_PRE_5_17,KV_PRE_5_17,KV_PRE_5_17,KV_PRE_5_17,KV_PRE_5_17,KV_PRE_5_17,KV_PRE_5_17,KV_PRE_5_17,KV_PRE_5_17
memfd_create,KV_PRE_5_17,KV_PRE_5_17,KV_PRE_5_17,KV_PRE_5_17,KV_PRE_5_17,KV_PRE_5_17,KV_PRE_5_17,KV_PRE_5_17,KV_PRE_5_17,KV_PRE_5_17,KV_PRE_5_17,KV_PRE_5_17,KV_PRE_5_17,KV_PRE_5_17,KV_PRE_5_17,KV_PRE_5_17
memfd_secret,KV_PRE_5_17,KV_5_18,KV_PRE_5_17,KV_UNDEF,KV_PRE_5_17,KV_UNDEF,KV_UNDEF,KV_UNDEF,KV_UNDEF,KV_UNDEF,KV_UNDEF,KV_UNDEF,KV_UNDEF,KV_UNDEF,KV_UNDEF,KV_UNDEF
migrate_pages,KV_PRE_5_17,KV_PRE_5_17,KV_PRE_5_17,KV_PRE_5_17,KV_PRE_5_17,KV_PRE_5_17,KV_PRE_5_17,KV_PRE_5_17,KV_PRE_5_17,KV_PRE_5_17,KV_PRE_5_17,KV_PRE_5_17,KV_PRE_5_17,KV_PRE_5_17,KV_PRE_5_17,KV_PRE_5_17
mincore,KV_PRE_5_17,KV_PRE_5_17,KV_PRE_5_17,KV_PRE_5_17,KV_PRE_5_17,KV_PRE_5_17,KV_PRE_5_17,KV_PRE_5_17,KV_PRE_5_17,KV_PRE_5_17,KV_PRE_5_17,KV_PRE_5_17,KV_PRE_5_17,KV_PRE_5_17,KV_PRE_5_17,KV_PRE_5_17
mkdir,KV_PRE_5_17,KV_PRE_5_17,KV_PRE_5_17,KV_PRE_5_17,KV_UNDEF,KV_PRE_5_17,KV_PRE_5_17,KV_PRE_5_17,KV_PRE_5_17,KV_PRE_5_17,KV_PRE_5_17,KV_PRE_5_17,KV_UNDEF,KV_PRE_5_17,KV_PRE_5_17,KV_PRE_5_17
mkdirat,KV_PRE_5_17,KV_PRE_5_17,KV_PRE_5_17,KV_PRE_5_17,KV_PRE_5_17,KV_PRE_5_17,KV_PRE_5_17,KV_PRE_5_17,KV_PRE_5_17,KV_PRE_5_17,KV_PRE_5_17,KV_PRE_5_17,KV_PRE_5_17,KV_PRE_5_17,KV_PRE_5_17,KV_PRE_5_17
mknod,KV_PRE_5_17,KV_PRE_5_17,KV_PRE_5_17,KV_PRE_5_17,KV_UNDEF,KV_PRE_5_17,KV_PRE_5_17,KV_PRE_5_17,KV_PRE_5_17,KV_PRE_5_17,KV_PRE_5_17,KV_PRE_5_17,KV_UNDEF,KV_PRE_5_17,KV_PRE_5_17,KV_PRE_5_17
mknodat,KV_PRE_5_17,KV_PRE_5_17,KV_PRE_5_17,KV_PRE_5_17,KV_PRE_5_17,KV_PRE_5_17,KV_PRE_5_17,KV_PRE_5_17,KV_PRE_5_17,KV_PRE_5_17,KV_PRE_5_17,KV_PRE_5_17,KV_PRE_5_17,KV_PRE_5_17,KV_PRE_5_17,KV_PRE_5_17
mlock,KV_PRE_5_17,KV_PRE_5_17,KV_PRE_5_17,KV_PRE_5_17,KV_PRE_5_17,KV_PRE_5_17,KV_PRE_5_17,KV_PRE_5_17,KV_PRE_5_17,KV_PRE_5_17,KV_PRE_5_17,KV_PRE_5_17,KV_PRE_5_17,KV_PRE_5_17,KV_PRE_5_17,KV_PRE_5_17
mlock2,KV_PRE_5_17,KV_PRE_5_17,KV_PRE_5_17,KV_PRE_5_17,KV_PRE_5_17,KV_PRE_5_17,KV_PRE_5_17,KV_PRE_5_17,KV_PRE_5_17,KV_PRE_5_17,KV_PRE_5_17,KV_PRE_5_17,KV_PRE_5_17,KV_PRE_5_17,KV_PRE_5_17,KV_PRE_5_17
mlockall,KV_PRE_5_17,KV_PRE_5_17,KV_PRE_5_17,KV_PRE_5_17,KV_PRE_5_17,KV_PRE_5_17,KV_PRE_5_17,KV_PRE_5_17,KV_PRE_5_17,KV_PRE_5_17,KV_PRE_5_17,KV_PRE_5_17,KV_PRE_5_17,KV_PRE_5_17,KV_PRE_5_17,KV_PRE_5_17
mmap,KV_PRE_5_17,KV_PRE_5_17,KV_PRE_5_17,KV_UNDEF,KV_PRE_5_17,KV_PRE_5_17,KV_PRE_5_17,KV_PRE_5_17,KV_PRE_5_17,KV_PRE_5_17,KV_PRE_5_17,KV_PRE_5_17,KV_PRE_5_17,KV_PRE_5_17,KV_PRE_5_17,KV_PRE_5_17
mmap2,KV_PRE_5_17,KV_UNDEF,KV_UNDEF,KV_PRE_5_17,KV_UNDEF,KV_PRE_5_17,KV_UNDEF,KV_UNDEF,KV_PRE_5_17,KV_PRE_5_17,KV_PRE_5_17,KV_UNDEF,KV_UNDEF,KV_PRE_5_17,KV_UNDEF,KV_PRE_5_17
modify_ldt,KV_PRE_5_17,KV_PRE_5_17,KV_PRE_5_17,KV_UNDEF,KV_UNDEF,KV_PRE_5_17,KV_UNDEF,KV_UNDEF,KV_UNDEF,KV_UNDEF,KV_PRE_5_17,KV_PRE_5_17,KV_UNDEF,KV_UNDEF,KV_UNDEF,KV_UNDEF
mount,KV_PRE_5_17,KV_PRE_5_17,KV_PRE_5_17,KV_PRE_5_17,KV_PRE_5_17,KV_PRE_5_17,KV_PRE_5_17,KV_PRE_5_17,KV_PRE_5_17,KV_PRE_5_17,KV_PRE_5_17,KV_PRE_5_17,KV_PRE_5_17,KV_PRE_5_17,KV_PRE_5_17,KV_PRE_5_17
mount_setattr,KV_PRE_5_17,KV_PRE_5_17,KV_PRE_5_17,KV_PRE_5_17,KV_PRE_5_17,KV_PRE_5_17,KV_PRE_5_17,KV_PRE_5_17,KV_PRE_5_17,KV_PRE_5_17,KV_PRE_5_17,KV_PRE_5_17,KV_PRE_5_17,KV_PRE_5_17,KV_PRE_5_17,KV_PRE_5_17
move_mount,KV_PRE_5_17,KV_PRE_5_17,KV_PRE_5_17,KV_PRE_5_17,KV_PRE_5_17,KV_PRE_5_17,KV_PRE_5_17,KV_PRE_5_17,KV_PRE_5_17,KV_PRE_5_17,KV_PRE_5_17,KV_PRE_5_17,KV_PRE_5_17,KV_PRE_5_17,KV_PRE_5_17,KV_PRE_5_17
move_pages,KV_PRE_5_17,KV_PRE_5_17,KV_PRE_5_17,KV_PRE_5_17,KV_PRE_5_17,KV_PRE_5_17,KV_PRE_5_17,KV_PRE_5_17,KV_PRE_5_17,KV_PRE_5_17,KV_PRE_5_17,KV_PRE_5_17,KV_PRE_5_17,KV_PRE_5_17,KV_PRE_5_17,KV_PRE_5_17
mprotect,KV_PRE_5_17,KV_PRE_5_17,KV_PRE_5_17,KV_PRE_5_17,KV_PRE_5_17,KV_PRE_5_17,KV_PRE_5_17,KV_PRE_5_17,KV_PRE_5_17,KV_PRE_5_17,KV_PRE_5_17,KV_PRE_5_17,KV_PRE_5_17,KV_PRE_5_17,KV_PRE_5_17,KV_PRE_5_17
mpx,KV_PRE_5_17,KV_UNDEF,KV_UNDEF,KV_UNDEF,KV_UNDEF,KV_PRE_5_17,KV_UNDEF,KV_UNDEF,KV_UNDEF,KV_UNDEF,KV_PRE_5_17,KV_PRE_5_17,KV_UNDEF,KV_UNDEF,KV_UNDEF,KV_UNDEF
mq_getsetattr,KV_PRE_5_17,KV_PRE_5_17,KV_PRE_5_17,KV_PRE_5_17,KV_PRE_5_17,KV_PRE_5_17,KV_PRE_5_17,KV_PRE_5_17,KV_PRE_5_17,KV_PRE_5_17,KV_PRE_5_17,KV_PRE_5_17,KV_PRE_5_17,KV_PRE_5_17,KV_PRE_5_17,KV_PRE_5_17
mq_notify,KV_PRE_5_17,KV_PRE_5_17,KV_PRE_5_17,KV_PRE_5_17,KV_PRE_5_17,KV_PRE_5_17,KV_PRE_5_17,KV_PRE_5_17,KV_PRE_5_17,KV_PRE_5_17,KV_PRE_5_17,KV_PRE_5_17,KV_PRE_5_17,KV_PRE_5_17,KV_PRE_5_17,KV_PRE_5_17
mq_open,KV_PRE_5_17,KV_PRE_5_17,KV_PRE_5_17,KV_PRE_5_17,KV_PRE_5_17,KV_PRE_5_17,KV_PRE_5_17,KV_PRE_5_17,KV_PRE_5_17,KV_PRE_5_17,KV_PRE_5_17,KV_PRE_5_17,KV_PRE_5_17,KV_PRE_5_17,KV_PRE_5_17,KV_PRE_5_17
mq_timedreceive,KV_PRE_5_17,KV_PRE_5_17,KV_PRE_5_17,KV_PRE_5_17,KV_PRE_5_17,KV_PRE_5_17,KV_PRE_5_17,KV_PRE_5_17,KV_PRE_5_17,KV_PRE_5_17,KV_PRE_5_17,KV_PRE_5_17,KV_PRE_5_17,KV_PRE_5_17,KV_PRE_5_17,KV_PRE_5_17
mq_timedreceive_time64,KV_PRE_5_17,KV_UNDEF,KV_UNDEF,KV_PRE_5_17,KV_UNDEF,KV_PRE_5_17,KV_UNDEF,KV_PRE_5_17,KV_PRE_5_17,KV_UNDEF,KV_PRE_5_17,KV_UNDEF,KV_UNDEF,KV_PRE_5_17,KV_UNDEF,KV_PRE_5_17
mq_timedsend,KV_PRE_5_17,KV_PRE_5_17,KV_PRE_5_17,KV_PRE_5_17,KV_PRE_5_17,KV_PRE_5_17,KV_PRE_5_17,KV_PRE_5_17,KV_PRE_5_17,KV_PRE_5_17,KV_PRE_5_17,KV_PRE_5_17,KV_PRE_5_17,KV_PRE_5_17,KV_PRE_5_17,KV_PRE_5_17
mq_timedsend_time64,KV_PRE_5_17,KV_UNDEF,KV_UNDEF,KV_PRE_5_17,KV_UNDEF,KV_PRE_5_17,KV_UNDEF,KV_PRE_5_17,KV_PRE_5_17,KV_UNDEF,KV_PRE_5_17,KV_UNDEF,KV_UNDEF,KV_PRE_5_17,KV_UNDEF,KV_PRE_5_17
mq_unlink,KV_PRE_5_17,KV_PRE_5_17,KV_PRE_5_17,KV_PRE_5_17,KV_PRE_5_17,KV_PRE_5_17,KV_PRE_5_17,KV_PRE_5_17,KV_PRE_5_17,KV_PRE_5_17,KV_PRE_5_17,KV_PRE_5_17,KV_PRE_5_17,KV_PRE_5_17,KV_PRE_5_17,KV_PRE_5_17
mremap,KV_PRE_5_17,KV_PRE_5_17,KV_PRE_5_17,KV_PRE_5_17,KV_PRE_5_17,KV_PRE_5_17,KV_PRE_5_17,KV_PRE_5_17,KV_PRE_5_17,KV_PRE_5_17,KV_PRE_5_17,KV_PRE_5_17,KV_PRE_5_17,KV_PRE_5_17,KV_PRE_5_17,KV_PRE_5_17
msgctl,KV_PRE_5_17,KV_PRE_5_17,KV_PRE_5_17,KV_PRE_5_17,KV_PRE_5_17,KV_PRE_5_17,KV_PRE_5_17,KV_PRE_5_17,KV_PRE_5_17,KV_PRE_5_17,KV_PRE_5_17,KV_PRE_5_17,KV_PRE_5_17,KV_PRE_5_17,KV_PRE_5_17,KV_PRE_5_17
msgget,KV_PRE_5_17,KV_PRE_5_17,KV_PRE_5_17,KV_PRE_5_17,KV_PRE_5_17,KV_PRE_5_17,KV_PRE_5_17,KV_PRE_5_17,KV_PRE_5_17,KV_PRE_5_17,KV_PRE_5_17,KV_PRE_5_17,KV_PRE_5_17,KV_PRE_5_17,KV_PRE_5_17,KV_PRE_5_17
msgrcv,KV_PRE_5_17,KV_PRE_5_17,KV_PRE_5_17,KV_PRE_5_17,KV_PRE_5_17,KV_PRE_5_17,KV_PRE_5_17,KV_PRE_5_17,KV_PRE_5_17,KV_PRE_5_17,KV_PRE_5_17,KV_PRE_5_17,KV_PRE_5_17,KV_PRE_5_17,KV_PRE_5_17,KV_PRE_5_17
msgsnd,KV_PRE_5_17,KV_PRE_5_17,KV_PRE_5_17,KV_PRE_5_17,KV_PRE_5_17,KV_PRE_5_17,KV_PRE_5_17,KV_PRE_5_17,KV_PRE_5_17,KV_PRE_5_17,KV_PRE_5_17,KV_PRE_5_17,KV_PRE_5_17,KV_PRE_5_17,KV_PRE_5_17,KV_PRE_5_17
msync,KV_PRE_5_17,KV_PRE_5_17,KV_PRE_5_17,KV_PRE_5_17,KV_PRE_5_17,KV_PRE_5_17,KV_PRE_5_17,KV_PRE_5_17,KV_PRE_5_17,KV_PRE_5_17,KV_PRE_5_17,KV_PRE_5_17,KV_PRE_5_17,KV_PRE_5_17,KV_PRE_5_17,KV_PRE_5_17
multiplexer,KV_UNDEF,KV_UNDEF,KV_UNDEF,KV_UNDEF,KV_UNDEF,KV_UNDEF,KV_UNDEF,KV_UNDEF,KV_UNDEF,KV_UNDEF,KV_PRE_5_17,KV_PRE_5_17,KV_UNDEF,KV_UNDEF,KV_UNDEF,KV_UNDEF
munlock,KV_PRE_5_17,KV_PRE_5_17,KV_PRE_5_17,KV_PRE_5_17,KV_PRE_5_17,KV_PRE_5_17,KV_PRE_5_17,KV_PRE_5_17,KV_PRE_5_17,KV_PRE_5_17,KV_PRE_5_17,KV_PRE_5_17,KV_PRE_5_17,KV_PRE_5_17,KV_PRE_5_17,KV_PRE_5_17
munlockall,KV_PRE_5_17,KV_PRE_5_17,KV_PRE_5_17,KV_PRE_5_17,KV_PRE_5_17,KV_PRE_5_17,KV_PRE_5_17,KV_PRE_5_17,KV_PRE_5_17,KV_PRE_5_17,KV_PRE_5_17,KV_PRE_5_17,KV_PRE_5_17,KV_PRE_5_17,KV_PRE_5_17,KV_PRE_5_17
munmap,KV_PRE_5_17,KV_PRE_5_17,KV_PRE_5_17,KV_PRE_5_17,KV_PRE_5_17,KV_PRE_5_17,KV_PRE_5_17,KV_PRE_5_17,KV_PRE_5_17,KV_PRE_5_17,KV_PRE_5_17,KV_PRE_5_17,KV_PRE_5_17,KV_PRE_5_17,KV_PRE_5_17,KV_PRE_5_17
name_to_handle_at,KV_PRE_5_17,KV_PRE_5_17,KV_PRE_5_17,KV_PRE_5_17,KV_PRE_5_17,KV_PRE_5_17,KV_PRE_5_17,KV_PRE_5_17,KV_PRE_5_17,KV_PRE_5_17,KV_PRE_5_17,KV_PRE_5_17,KV_PRE_5_17,KV_PRE_5_17,KV_PRE_5_17,KV_PRE_5_17
nanosleep,KV_PRE_5_17,KV_PRE_5_17,KV_PRE_5_17,KV_PRE_5_17,KV_PRE_5_17,KV_PRE_5_17,KV_PRE_5_17,KV_PRE_5_17,KV_PRE_5_17,KV_PRE_5_17,KV_PRE_5_17,KV_PRE_5_17,KV_PRE_5_17,KV_PRE_5_17,KV_PRE_5_17,KV_PRE_5_17
newfstatat,KV_UNDEF,KV_PRE_5_17,KV_PRE_5_17,KV_UNDEF,KV_PRE_5_17,KV_UNDEF,KV_PRE_5_17,KV_PRE_5_17,KV_UNDEF,KV_UNDEF,KV_UNDEF,KV_PRE_5_17,KV_PRE_5_17,KV_UNDEF,KV_PRE_5_17,KV_UNDEF
_newselect,KV_PRE_5_17,KV_UNDEF,KV_UNDEF,KV_PRE_5_17,KV_UNDEF,KV_PRE_5_17,KV_PRE_5_17,KV_PRE_5_17,KV_PRE_5_17,KV_PRE_5_17,KV_PRE_5_17,KV_PRE_5_17,KV_UNDEF,KV_PRE_5_17,KV_UNDEF,KV_PRE_5_17
nfsservctl,KV_PRE_5_17,KV_PRE_5_17,KV_UNDEF,KV_PRE_5_17,KV_PRE_5_17,KV_PRE_5_17,KV_PRE_5_17,KV_PRE_5_17,KV_UNDEF,KV_UNDEF,KV_PRE_5_17,KV_PRE_5_17,KV_PRE_5_17,KV_PRE_5_17,KV_PRE_5_17,KV_PRE_5_17
nice,KV_PRE_5_17,KV_UNDEF,KV_UNDEF,KV_PRE_5_17,KV_UNDEF,KV_PRE_5_17,KV_UNDEF,KV_UNDEF,KV_PRE_5_17,KV_PRE_5_17,KV_PRE_5_17,KV_PRE_5_17,KV_UNDEF,KV_PRE_5_17,KV_PRE_5_17,KV_PRE_5_17
oldfstat,KV_PRE_5_17,KV_UNDEF,KV_UNDEF,KV_UNDEF,KV_UNDEF,KV_UNDEF,KV_UNDEF,KV_UNDEF,KV_UNDEF,KV_UNDEF,KV_PRE_5_17,KV_PRE_5_17,KV_UNDEF,KV_UNDEF,KV_UNDEF,KV_PRE_5_17
oldlstat,KV_PRE_5_17,KV_UNDEF,KV_UNDEF,KV_UNDEF,KV_UNDEF,KV_UNDEF,KV_UNDEF,KV_UNDEF,KV_UNDEF,KV_UNDEF,KV_PRE_5_17,KV_PRE_5_17,KV_UNDEF,KV_UNDEF,KV_UNDEF,KV_PRE_5_17
oldolduname,KV_PRE_5_17,KV_UNDEF,KV_UNDEF,KV_UNDEF,KV_UNDEF,KV_UNDEF,KV_UNDEF,KV_UNDEF,KV_UNDEF,KV_UNDEF,KV_PRE_5_17,KV_PRE_5_17,KV_UNDEF,KV_UNDEF,KV_UNDEF,KV_UNDEF
oldstat,KV_PRE_5_17,KV_UNDEF,KV_UNDEF,KV_UNDEF,KV_UNDEF,KV_UNDEF,KV_UNDEF,KV_UNDEF,KV_UNDEF,KV_UNDEF,KV_PRE_5_17,KV_PRE_5_17,KV_UNDEF,KV_UNDEF,KV_UNDEF,KV_PRE_5_17
olduname,KV_PRE_5_17,KV_UNDEF,KV_UNDEF,KV_UNDEF,KV_UNDEF,KV_UNDEF,KV_UNDEF,KV_UNDEF,KV_UNDEF,KV_UNDEF,KV_PRE_5_17,KV_PRE_5_17,KV_UNDEF,KV_UNDEF,KV_UNDEF,KV_PRE_5_17
open,KV_PRE_5_17,KV_PRE_5_17,KV_PRE_5_17,KV_PRE_5_17,KV_UNDEF,KV_PRE_5_17,KV_PRE_5_17,KV_PRE_5_17,KV_PRE_5_17,KV_PRE_5_17,KV_PRE_5_17,KV_PRE_5_17,KV_UNDEF,KV_PRE_5_17,KV_PRE_5_17,KV_PRE_5_17
openat,KV_PRE_5_17,KV_PRE_5_17,KV_PRE_5_17,KV_PRE_5_17,KV_PRE_5_17,KV_PRE_5_17,KV_PRE_5_17,KV_PRE_5_17,KV_PRE_5_17,KV_PRE_5_17,KV_PRE_5_17,KV_PRE_5_17,KV_PRE_5_17,KV_PRE_5_17,KV_PRE_5_17,KV_PRE_5_17
openat2,KV_PRE_5_17,KV_PRE_5_17,KV_PRE_5_17,KV_PRE_5_17,KV_PRE_5_17,KV_PRE_5_17,KV_PRE_5_17,KV_PRE_5_17,KV_PRE_5_17,KV_PRE_5_17,KV_PRE_5_17,KV_PRE_5_17,KV_PRE_5_17,KV_PRE_5_17,KV_PRE_5_17,KV_PRE_5_17
open_by_handle_at,KV_PRE_5_17,KV_PRE_5_17,KV_PRE_5_17,KV_PRE_5_17,KV_PRE_5_17,KV_PRE_5_17,KV_PRE_5_17,KV_PRE_5_17,KV_PRE_5_17,KV_PRE_5_17,KV_PRE_5_17,KV_PRE_5_17,KV_PRE_5_17,KV_PRE_5_17,KV_PRE_5_17,KV_PRE_5_17
open_tree,KV_PRE_5_17,KV_PRE_5_17,KV_PRE_5_17,KV_PRE_5_17,KV_PRE_5_17,KV_PRE_5_17,KV_PRE_5_17,KV_PRE_5_17,KV_PRE_5_17,KV_PRE_5_17,KV_PRE_5_17,KV_PRE_5_17,KV_PRE_5_17,KV_PRE_5_17,KV_PRE_5_17,KV_PRE_5_17
pause,KV_PRE_5_17,KV_PRE_5_17,KV_PRE_5_17,KV_PRE_5_17,KV_UNDEF,KV_PRE_5_17,KV_PRE_5_17,KV_PRE_5_17,KV_PRE_5_17,KV_PRE_5_17,KV_PRE_5_17,KV_PRE_5_17,KV_UNDEF,KV_PRE_5_17,KV_PRE_5_17,KV_PRE_5_17
pciconfig_iobase,KV_UNDEF,KV_UNDEF,KV_UNDEF,KV_PRE_5_17,KV_UNDEF,KV_UNDEF,KV_UNDEF,KV_UNDEF,KV_UNDEF,KV_UNDEF,KV_PRE_5_17,KV_PRE_5_17,KV_UNDEF,KV_UNDEF,KV_UNDEF,KV_UNDEF
pciconfig_read,KV_UNDEF,KV_UNDEF,KV_UNDEF,KV_PRE_5_17,KV_UNDEF,KV_UNDEF,KV_UNDEF,KV_UNDEF,KV_UNDEF,KV_UNDEF,KV_PRE_5_17,KV_PRE_5_17,KV_UNDEF,KV_UNDEF,KV_UNDEF,KV_UNDEF
pciconfig_write,KV_UNDEF,KV_UNDEF,KV_UNDEF,KV_PRE_5_17,KV_UNDEF,KV_UNDEF,KV_UNDEF,KV_UNDEF,KV_UNDEF,KV_UNDEF,KV_PRE_5_17,KV_PRE_5_17,KV_UNDEF,KV_UNDEF,KV_UNDEF,KV_UNDEF
perf_event_open,KV_PRE_5_17,KV_PRE_5_17,KV_PRE_5_17,KV_PRE_5_17,KV_PRE_5_17,KV_PRE_5_17,KV_PRE_5_17,KV_PRE_5_17,KV_PRE_5_17,KV_PRE_5_17,KV_PRE_5_17,KV_PRE_5_17,KV_PRE_5_17,KV_PRE_5_17,KV_PRE_5_17,KV_PRE_5_17
personality,KV_PRE_5_17,KV_PRE_5_17,KV_PRE_5_17,KV_PRE_5_17,KV_PRE_5_17,KV_PRE_5_17,KV_PRE_5_17,KV_PRE_5_17,KV_PRE_5_17,KV_PRE_5_17,KV_PRE_5_17,KV_PRE_5_17,KV_PRE_5_17,KV_PRE_5_17,KV_PRE_5_17,KV_PRE_5_17
pidfd_getfd,KV_PRE_5_17,KV_PRE_5_17,KV_PRE_5_17,KV_PRE_5_17,KV_PRE_5_17,KV_PRE_5_17,KV_PRE_5_17,KV_PRE_5_17,KV_PRE_5_17,KV_PRE_5_17,KV_PRE_5_17,KV_PRE_5_17,KV_PRE_5_17,KV_PRE_5_17,KV_PRE_5_17,KV_PRE_5_17
pidfd_open,KV_PRE_5_17,KV_PRE_5_17,KV_PRE_5_17,KV_PRE_5_17,KV_PRE_5_17,KV_PRE_5_17,KV_PRE_5_17,KV_PRE_5_17,KV_PRE_5_17,KV_PRE_5_17,KV_PRE_5_17,KV_PRE_5_17,KV_PRE_5_17,KV_PRE_5_17,KV_PRE_5_17,KV_PRE_5_17
pidfd_send_signal,KV_PRE_5_17,KV_PRE_5_17,KV_PRE_5_17,KV_PRE_5_17,KV_PRE_5_17,KV_PRE_5_17,KV_PRE_5_17,KV_PRE_5_17,KV_PRE_5_17,KV_PRE_5_17,KV_PRE_5_17,KV_PRE_5_17,KV_PRE_5_17,KV_PRE_5_17,KV_PRE_5_17,KV_PRE_5_17
pipe,KV_PRE_5_17,KV_PRE_5_17,KV_PRE_5_17,KV_PRE_5_17,KV_UNDEF,KV_PRE_5_17,KV_PRE_5_17,KV_PRE_5_17,KV_PRE_5_17,KV_PRE_5_17,KV_PRE_5_17,KV_PRE_5_17,KV_UNDEF,KV_PRE_5_17,KV_PRE_5_17,KV_PRE_5_17
pipe2,KV_PRE_5_17,KV_PRE_5_17,KV_PRE_5_17,KV_PRE_5_17,KV_PRE_5_17,KV_PRE_5_17,KV_PRE_5_17,KV_PRE_5_17,KV_PRE_5_17,KV_PRE_5_17,KV_PRE_5_17,KV_PRE_5_17,KV_PRE_5_17,KV_PRE_5_17,KV_PRE_5_17,KV_PRE_5_17
pivot_root,KV_PRE_5_17,KV_PRE_5_17,KV_PRE_5_17,KV_PRE_5_17,KV_PRE_5_17,KV_PRE_5_17,KV_PRE_5_17,KV_PRE_5_17,KV_PRE_5_17,KV_PRE_5_17,KV_PRE_5_17,KV_PRE_5_17,KV_PRE_5_17,KV_PRE_5_17,KV_PRE_5_17,KV_PRE_5_17
pkey_alloc,KV_PRE_5_17,KV_PRE_5_17,KV_PRE_5_17,KV_PRE_5_17,KV_PRE_5_17,KV_PRE_5_17,KV_PRE_5_17,KV_PRE_5_17,KV_PRE_5_17,KV_PRE_5_17,KV_PRE_5_17,KV_PRE_5_17,KV_PRE_5_17,KV_PRE_5_17,KV_PRE_5_17,KV_PRE_5_17
pkey_free,KV_PRE_5_17,KV_PRE_5_17,KV_PRE_5_17,KV_PRE_5_17,KV_PRE_5_17,KV_PRE_5_17,KV_PRE_5_17,KV_PRE_5_17,KV_PRE_5_17,KV_PRE_5_17,KV_PRE_5_17,KV_PRE_5_17,KV_PRE_5_17,KV_PRE_5_17,KV_PRE_5_17,KV_PRE_5_17
pkey_mprotect,KV_PRE_5_17,KV_PRE_5_17,KV_PRE_5_17,KV_PRE_5_17,KV_PRE_5_17,KV_PRE_5_17,KV_PRE_5_17,KV_PRE_5_17,KV_PRE_5_17,KV_PRE_5_17,KV_PRE_5_17,KV_PRE_5_17,KV_PRE_5_17,KV_PRE_5_17,KV_PRE_5_17,KV_PRE_5_17
poll,KV_PRE_5_17,KV_PRE_5_17,KV_PRE_5_17,KV_PRE_5_17,KV_UNDEF,KV_PRE_5_17,KV_PRE_5_17,KV_PRE_5_17,KV_PRE_5_17,KV_PRE_5_17,KV_PRE_5_17,KV_PRE_5_17,KV_UNDEF,KV_PRE_5_17,KV_PRE_5_17,KV_PRE_5_17
ppoll,KV_PRE_5_17,KV_PRE_5_17,KV_PRE_5_17,KV_PRE_5_17,KV_PRE_5_17,KV_PRE_5_17,KV_PRE_5_17,KV_PRE_5_17,KV_PRE_5_17,KV_PRE_5_17,KV_PRE_5_17,KV_PRE_5_17,KV_PRE_5_17,KV_PRE_5_17,KV_PRE_5_17,KV_PRE_5_17
ppoll_time64,KV_PRE_5_17,KV_UNDEF,KV_UNDEF,KV_PRE_5_17,KV_UNDEF,KV_PRE_5_17,KV_UNDEF,KV_PRE_5_17,KV_PRE_5_17,KV_UNDEF,KV_PRE_5_17,KV_UNDEF,KV_UNDEF,KV_PRE_5_17,KV_UNDEF,KV_PRE_5_17
prctl,KV_PRE_5_17,KV_PRE_5_17,KV_PRE_5_17,KV_PRE_5_17,KV_PRE_5_17,KV_PRE_5_17,KV_PRE_5_17,KV_PRE_5_17,KV_PRE_5_17,KV_PRE_5_17,KV_PRE_5_17,KV_PRE_5_17,KV_PRE_5_17,KV_PRE_5_17,KV_PRE_5_17,KV_PRE_5_17
pread64,KV_PRE_5_17,KV_PRE_5_17,KV_PRE_5_17,KV_PRE_5_17,KV_PRE_5_17,KV_PRE_5_17,KV_PRE_5_17,KV_PRE_5_17,KV_PRE_5_17,KV_PRE_5_17,KV_PRE_5_17,KV_PRE_5_17,KV_PRE_5_17,KV_PRE_5_17,KV_PRE_5_17,KV_PRE_5_17
preadv,KV_PRE_5_17,KV_PRE_5_17,KV_PRE_5_17,KV_PRE_5_17,KV_PRE_5_17,KV_PRE_5_17,KV_PRE_5_17,KV_PRE_5_17,KV_PRE_5_17,KV_PRE_5_17,KV_PRE_5_17,KV_PRE_5_17,KV_PRE_5_17,KV_PRE_5_17,KV_PRE_5_17,KV_PRE_5_17
preadv2,KV_PRE_5_17,KV_PRE_5_17,KV_PRE_5_17,KV_PRE_5_17,KV_PRE_5_17,KV_PRE_5_17,KV_PRE_5_17,KV_PRE_5_17,KV_PRE_5_17,KV_PRE_5_17,KV_PRE_5_17,KV_PRE_5_17,KV_PRE_5_17,KV_PRE_5_17,KV_PRE_5_17,KV_PRE_5_17
prlimit64,KV_PRE_5_17,KV_PRE_5_17,KV_PRE_5_17,KV_PRE_5_17,KV_PRE_5_17,KV_PRE_5_17,KV_PRE_5_17,KV_PRE_5_17,KV_PRE_5_17,KV_PRE_5_17,KV_PRE_5_17,KV_PRE_5_17,KV_PRE_5_17,KV_PRE_5_17,KV_PRE_5_17,KV_PRE_5_17
process_madvise,KV_PRE_5_17,KV_PRE_5_17,KV_PRE_5_17,KV_PRE_5_17,KV_PRE_5_17,KV_PRE_5_17,KV_PRE_5_17,KV_PRE_5_17,KV_PRE_5_17,KV_PRE_5_17,KV_PRE_5_17,KV_PRE_5_17,KV_PRE_5_17,KV_PRE_5_17,KV_PRE_5_17,KV_PRE_5_17
process_mrelease,KV_PRE_5_17,KV_5_18,KV_PRE_5_17,KV_PRE_5_17,KV_PRE_5_17,KV_PRE_5_17,KV_PRE_5_17,KV_PRE_5_17,KV_PRE_5_17,KV_PRE_5_17,KV_PRE_5_17,KV_PRE_5_17,KV_PRE_5_17,KV_PRE_5_17,KV_PRE_5_17,KV_PRE_5_17
process_vm_readv,KV_PRE_5_17,KV_PRE_5_17,KV_PRE_5_17,KV_PRE_5_17,KV_PRE_5_17,KV_PRE_5_17,KV_PRE_5_17,KV_PRE_5_17,KV_PRE_5_17,KV_PRE_5_17,KV_PRE_5_17,KV_PRE_5_17,KV_PRE_5_17,KV_PRE_5_17,KV_PRE_5_17,KV_PRE_5_17
process_vm_writev,KV_PRE_5_17,KV_PRE_5_17,KV_PRE_5_17,KV_PRE_5_17,KV_PRE_5_17,KV_PRE_5_17,KV_PRE_5_17,KV_PRE_5_17,KV_PRE_5_17,KV_PRE_5_17,KV_PRE_5_17,KV_PRE_5_17,KV_PRE_5_17,KV_PRE_5_17,KV_PRE_5_17,KV_PRE_5_17
prof,KV_PRE_5_17,KV_UNDEF,KV_UNDEF,KV_UNDEF,KV_UNDEF,KV_PRE_5_17,KV_UNDEF,KV_UNDEF,KV_UNDEF,KV_UNDEF,KV_PRE_5_17,KV_PRE_5_17,KV_UNDEF,KV_UNDEF,KV_UNDEF,KV_UNDEF
profil,KV_PRE_5_17,KV_UNDEF,KV_UNDEF,KV_UNDEF,KV_UNDEF,KV_PRE_5_17,KV_UNDEF,KV_UNDEF,KV_UNDEF,KV_UNDEF,KV_PRE_5_17,KV_PRE_5_17,KV_UNDEF,KV_UNDEF,KV_UNDEF,KV_UNDEF
pselect6,KV_PRE_5_17,KV_PRE_5_17,KV_PRE_5_17,KV_PRE_5_17,KV_PRE_5_17,KV_PRE_5_17,KV_PRE_5_17,KV_PRE_5_17,KV_PRE_5_17,KV_PRE_5_17,KV_PRE_5_17,KV_PRE_5_17,KV_PRE_5_17,KV_PRE_5_17,KV_PRE_5_17,KV_PRE_5_17
pselect6_time64,KV_PRE_5_17,KV_UNDEF,KV_UNDEF,KV_PRE_5_17,KV_UNDEF,KV_PRE_5_17,KV_UNDEF,KV_PRE_5_17,KV_PRE_5_17,KV_UNDEF,KV_PRE_5_17,KV_UNDEF,KV_UNDEF,KV_PRE_5_17,KV_UNDEF,KV_PRE_5_17
ptrace,KV_PRE_5_17,KV_PRE_5_17,KV_PRE_5_17,KV_PRE_5_17,KV_PRE_5_17,KV_PRE_5_17,KV_PRE_5_17,KV_PRE_5_17,KV_PRE_5_17,KV_PRE_5_17,KV_PRE_5_17,KV_PRE_5_17,KV_PRE_5_17,KV_PRE_5_17,KV_PRE_5_17,KV_PRE_5_17
putpmsg,KV_PRE_5_17,KV_PRE_5_17,KV_PRE_5_17,KV_UNDEF,KV_UNDEF,KV_PRE_5_17,KV_PRE_5_17,KV_PRE_5_17,KV_UNDEF,KV_UNDEF,KV_PRE_5_17,KV_PRE_5_17,KV_UNDEF,KV_PRE_5_17,KV_PRE_5_17,KV_UNDEF
pwrite64,KV_PRE_5_17,KV_PRE_5_17,KV_PRE_5_17,KV_PRE_5_17,KV_PRE_5_17,KV_PRE_5_17,KV_PRE_5_17,KV_PRE_5_17,KV_PRE_5_17,KV_PRE_5_17,KV_PRE_5_17,KV_PRE_5_17,KV_PRE_5_17,KV_PRE_5_17,KV_PRE_5_17,KV_PRE_5_17
pwritev,KV_PRE_5_17,KV_PRE_5_17,KV_PRE_5_17,KV_PRE_5_17,KV_PRE_5_17,KV_PRE_5_17,KV_PRE_5_17,KV_PRE_5_17,KV_PRE_5_17,KV_PRE_5_17,KV_PRE_5_17,KV_PRE_5_17,KV_PRE_5_17,KV_PRE_5_17,KV_PRE_5_17,KV_PRE_5_17
pwritev2,KV_PRE_5_17,KV_PRE_5_17,KV_PRE_5_17,KV_PRE_5_17,KV_PRE_5_17,KV_PRE_5_17,KV_PRE_5_17,KV_PRE_5_17,KV_PRE_5_17,KV_PRE_5_17,KV_PRE_5_17,KV_PRE_5_17,KV_PRE_5_17,KV_PRE_5_17,KV_PRE_5_17,KV_PRE_5_17
query_module,KV_PRE_5_17,KV_PRE_5_17,KV_UNDEF,KV_UNDEF,KV_UNDEF,KV_PRE_5_17,KV_PRE_5_17,KV_PRE_5_17,KV_UNDEF,KV_UNDEF,KV_PRE_5_17,KV_PRE_5_17,KV_UNDEF,KV_PRE_5_17,KV_PRE_5_17,KV_UNDEF
quotactl,KV_PRE_5_17,KV_PRE_5_17,KV_PRE_5_17,KV_PRE_5_17,KV_PRE_5_17,KV_PRE_5_17,KV_PRE_5_17,KV_PRE_5_17,KV_PRE_5_17,KV_PRE_5_17,KV_PRE_5_17,KV_PRE_5_17,KV_PRE_5_17,KV_PRE_5_17,KV_PRE_5_17,KV_PRE_5_17
quotactl_fd,KV_PRE_5_17,KV_PRE_5_17,KV_PRE_5_17,KV_PRE_5_17,KV_PRE_5_17,KV_PRE_5_17,KV_PRE_5_17,KV_PRE_5_17,KV_PRE_5_17,KV_PRE_5_17,KV_PRE_5_17,KV_PRE_5_17,KV_PRE_5_17,KV_PRE_5_17,KV_PRE_5_17,KV_PRE_5_17
read,KV_PRE_5_17,KV_PRE_5_17,KV_PRE_5_17,KV_PRE_5_17,KV_PRE_5_17,KV_PRE_5_17,KV_PRE_5_17,KV_PRE_5_17,KV_PRE_5_17,KV_PRE_5_17,KV_PRE_5_17,KV_PRE_5_17,KV_PRE_5_17,KV_PRE_5_17,KV_PRE_5_17,KV_PRE_5_17
readahead,KV_PRE_5_17,KV_PRE_5_17,KV_PRE_5_17,KV_PRE_5_17,KV_PRE_5_17,KV_PRE_5_17,KV_PRE_5_17,KV_PRE_5_17,KV_PRE_5_17,KV_PRE_5_17,KV_PRE_5_17,KV_PRE_5_17,KV_PRE_5_17,KV_PRE_5_17,KV_PRE_5_17,KV_PRE_5_17
readdir,KV_PRE_5_17,KV_UNDEF,KV_UNDEF,KV_UNDEF,KV_UNDEF,KV_PRE_5_17,KV_UNDEF,KV_UNDEF,KV_UNDEF,KV_UNDEF,KV_PRE_5_17,KV_PRE_5_17,KV_UNDEF,KV_PRE_5_17,KV_PRE_5_17,KV_PRE_5_17
readlink,KV_PRE_5_17,KV_PRE_5_17,KV_PRE_5_17,KV_PRE_5_17,KV_UNDEF,KV_PRE_5_17,KV_PRE_5_17,KV_PRE_5_17,KV_PRE_5_17,KV_PRE_5_17,KV_PRE_5_17,KV_PRE_5_17,KV_UNDEF,KV_PRE_5_17,KV_PRE_5_17,KV_PRE_5_17
readlinkat,KV_PRE_5_17,KV_PRE_5_17,KV_PRE_5_17,KV_PRE_5_17,KV_PRE_5_17,KV_PRE_5_17,KV_PRE_5_17,KV_PRE_5_17,KV_PRE_5_17,KV_PRE_5_17,KV_PRE_5_17,KV_PRE_5_17,KV_PRE_5_17,KV_PRE_5_17,KV_PRE_5_17,KV_PRE_5_17
readv,KV_PRE_5_17,KV_PRE_5_17,KV_PRE_5_17,KV_PRE_5_17,KV_PRE_5_17,KV_PRE_5_17,KV_PRE_5_17,KV_PRE_5_17,KV_PRE_5_17,KV_PRE_5_17,KV_PRE_5_17,KV_PRE_5_17,KV_PRE_5_17,KV_PRE_5_17,KV_PRE_5_17,KV_PRE_5_17
reboot,KV_PRE_5_17,KV_PRE_5_17,KV_PRE_5_17,KV_PRE_5_17,KV_PRE_5_17,KV_PRE_5_17,KV_PRE_5_17,KV_PRE_5_17,KV_PRE_5_17,KV_PRE_5_17,KV_PRE_5_17,KV_PRE_5_17,KV_PRE_5_17,KV_PRE_5_17,KV_PRE_5_17,KV_PRE_5_17
recv,KV_UNDEF,KV_UNDEF,KV_UNDEF,KV_PRE_5_17,KV_UNDEF,KV_PRE_5_17,KV_UNDEF,KV_UNDEF,KV_PRE_5_17,KV_PRE_5_17,KV_PRE_5_17,KV_PRE_5_17,KV_UNDEF,KV_UNDEF,KV_UNDEF,KV_PRE_5_17
recvfrom,KV_PRE_5_17,KV_PRE_5_17,KV_PRE_5_17,KV_PRE_5_17,KV_PRE_5_17,KV_PRE_5_17,KV_PRE_5_17,KV_PRE_5_17,KV_PRE_5_17,KV_PRE_5_17,KV_PRE_5_17,KV_PRE_5_17,KV_PRE_5_17,KV_PRE_5_17,KV_PRE_5_17,KV_PRE_5_17
recvmmsg,KV_PRE_5_17,KV_PRE_5_17,KV_PRE_5_17,KV_PRE_5_17,KV_PRE_5_17,KV_PRE_5_17,KV_PRE_5_17,KV_PRE_5_17,KV_PRE_5_17,KV_PRE_5_17,KV_PRE_5_17,KV_PRE_5_17,KV_PRE_5_17,KV_PRE_5_17,KV_PRE_5_17,KV_PRE_5_17
recvmmsg_time64,KV_PRE_5_17,KV_UNDEF,KV_UNDEF,KV_PRE_5_17,KV_UNDEF,KV_PRE_5_17,KV_UNDEF,KV_PRE_5_17,KV_PRE_5_17,KV_UNDEF,KV_PRE_5_17,KV_UNDEF,KV_UNDEF,KV_PRE_5_17,KV_UNDEF,KV_PRE_5_17
recvmsg,KV_PRE_5_17,KV_PRE_5_17,KV_PRE_5_17,KV_PRE_5_17,KV_PRE_5_17,KV_PRE_5_17,KV_PRE_5_17,KV_PRE_5_17,KV_PRE_5_17,KV_PRE_5_17,KV_PRE_5_17,KV_PRE_5_17,KV_PRE_5_17,KV_PRE_5_17,KV_PRE_5_17,KV_PRE_5_17
remap_file_pages,KV_PRE_5_17,KV_PRE_5_17,KV_PRE_5_17,KV_PRE_5_17,KV_PRE_5_17,KV_PRE_5_17,KV_PRE_5_17,KV_PRE_5_17,KV_PRE_5_17,KV_PRE_5_17,KV_PRE_5_17,KV_PRE_5_17,KV_PRE_5_17,KV_PRE_5_17,KV_PRE_5_17,KV_PRE_5_17
removexattr,KV_PRE_5_17,KV_PRE_5_17,KV_PRE_5_17,KV_PRE_5_17,KV_PRE_5_17,KV_PRE_5_17,KV_PRE_5_17,KV_PRE_5_17,KV_PRE_5_17,KV_PRE_5_17,KV_PRE_5_17,KV_PRE_5_17,KV_PRE_5_17,KV_PRE_5_17,KV_PRE_5_17,KV_PRE_5_17
rename,KV_PRE_5_17,KV_PRE_5_17,KV_PRE_5_17,KV_PRE_5_17,KV_UNDEF,KV_PRE_5_17,KV_PRE_5_17,KV_PRE_5_17,KV_PRE_5_17,KV_PRE_5_17,KV_PRE_5_17,KV_PRE_5_17,KV_UNDEF,KV_PRE_5_17,KV_PRE_5_17,KV_PRE_5_17
renameat,KV_PRE_5_17,KV_PRE_5_17,KV_PRE_5_17,KV_PRE_5_17,KV_PRE_5_17,KV_PRE_5_17,KV_PRE_5_17,KV_PRE_5_17,KV_PRE_5_17,KV_PRE_5_17,KV_PRE_5_17,KV_PRE_5_17,KV_UNDEF,KV_PRE_5_17,KV_PRE_5_17,KV_PRE_5_17
renameat2,KV_PRE_5_17,KV_PRE_5_17,KV_PRE_5_17,KV_PRE_5_17,KV_PRE_5_17,KV_PRE_5_17,KV_PRE_5_17,KV_PRE_5_17,KV_PRE_5_17,KV_PRE_5_17,KV_PRE_5_17,KV_PRE_5_17,KV_PRE_5_17,KV_PRE_5_17,KV_PRE_5_17,KV_PRE_5_17
request_key,KV_PRE_5_17,KV_PRE_5_17,KV_PRE_5_17,KV_PRE_5_17,KV_PRE_5_17,KV_PRE_5_17,KV_PRE_5_17,KV_PRE_5_17,KV_PRE_5_17,KV_PRE_5_17,KV_PRE_5_17,KV_PRE_5_17,KV_PRE_5_17,KV_PRE_5_17,KV_PRE_5_17,KV_PRE_5_17
restart_syscall,KV_PRE_5_17,KV_PRE_5_17,KV_PRE_5_17,KV_PRE_5_17,KV_PRE_5_17,KV_PRE_5_17,KV_PRE_5_17,KV_PRE_5_17,KV_PRE_5_17,KV_PRE_5_17,KV_PRE_5_17,KV_PRE_5_17,KV_PRE_5_17,KV_PRE_5_17,KV_PRE_5_17,KV_PRE_5_17
riscv_flush_icache,KV_UNDEF,KV_UNDEF,KV_UNDEF,KV_UNDEF,KV_UNDEF,KV_UNDEF,KV_UNDEF,KV_UNDEF,KV_UNDEF,KV_UNDEF,KV_UNDEF,KV_UNDEF,KV_PRE_5_17,KV_UNDEF,KV_UNDEF,KV_UNDEF
rmdir,KV_PRE_5_17,KV_PRE_5_17,KV_PRE_5_17,KV_PRE_5_17,KV_UNDEF,KV_PRE_5_17,KV_PRE_5_17,KV_PRE_5_17,KV_PRE_5_17,KV_PRE_5_17,KV_PRE_5_17,KV_PRE_5_17,KV_UNDEF,KV_PRE_5_17,KV_PRE_5_17,KV_PRE_5_17
rseq,KV_PRE_5_17,KV_PRE_5_17,KV_PRE_5_17,KV_PRE_5_17,KV_PRE_5_17,KV_PRE_5_17,KV_PRE_5_17,KV_PRE_5_17,KV_PRE_5_17,KV_PRE_5_17,KV_PRE_5_17,KV_PRE_5_17,KV_PRE_5_17,KV_PRE_5_17,KV_PRE_5_17,KV_PRE_5_17
rtas,KV_UNDEF,KV_UNDEF,KV_UNDEF,KV_UNDEF,KV_UNDEF,KV_UNDEF,KV_UNDEF,KV_UNDEF,KV_UNDEF,KV_UNDEF,KV_PRE_5_17,KV_PRE_5_17,KV_UNDEF,KV_UNDEF,KV_UNDEF,KV_UNDEF
rt_sigaction,KV_PRE_5_17,KV_PRE_5_17,KV_PRE_5_17,KV_PRE_5_17,KV_PRE_5_17,KV_PRE_5_17,KV_PRE_5_17,KV_PRE_5_17,KV_PRE_5_17,KV_PRE_5_17,KV_PRE_5_17,KV_PRE_5_17,KV_PRE_5_17,KV_PRE_5_17,KV_PRE_5_17,KV_PRE_5_17
rt_sigpending,KV_PRE_5_17,KV_PRE_5_17,KV_PRE_5_17,KV_PRE_5_17,KV_PRE_5_17,KV_PRE_5_17,KV_PRE_5_17,KV_PRE_5_17,KV_PRE_5_17,KV_PRE_5_17,KV_PRE_5_17,KV_PRE_5_17,KV_PRE_5_17,KV_PRE_5_17,KV_PRE_5_17,KV_PRE_5_17
rt_sigprocmask,KV_PRE_5_17,KV_PRE_5_17,KV_PRE_5_17,KV_PRE_5_17,KV_PRE_5_17,KV_PRE_5_17,KV_PRE_5_17,KV_PRE_5_17,KV_PRE_5_17,KV_PRE_5_17,KV_PRE_5_17,KV_PRE_5_17,KV_PRE_5_17,KV_PRE_5_17,KV_PRE_5_17,KV_PRE_5_17
rt_sigqueueinfo,KV_PRE_5_17,KV_PRE_5_17,KV_PRE_5_17,KV_PRE_5_17,KV_PRE_5_17,KV_PRE_5_17,KV_PRE_5_17,KV_PRE_5_17,KV_PRE_5_17,KV_PRE_5_17,KV_PRE_5_17,KV_PRE_5_17,KV_PRE_5_17,KV_PRE_5_17,KV_PRE_5_17,KV_PRE_5_17
rt_sigreturn,KV_PRE_5_17,KV_PRE_5_17,KV_PRE_5_17,KV_PRE_5_17,KV_PRE_5_17,KV_PRE_5_17,KV_PRE_5_17,KV_PRE_5_17,KV_PRE_5_17,KV_PRE_5_17,KV_PRE_5_17,KV_PRE_5_17,KV_PRE_5_17,KV_PRE_5_17,KV_PRE_5_17,KV_PRE_5_17
rt_sigsuspend,KV_PRE_5_17,KV_PRE_5_17,KV_PRE_5_17,KV_PRE_5_17,KV_PRE_5_17,KV_PRE_5_17,KV_PRE_5_17,KV_PRE_5_17,KV_PRE_5_17,KV_PRE_5_17,KV_PRE_5_17,KV_PRE_5_17,KV_PRE_5_17,KV_PRE_5_17,KV_PRE_5_17,KV_PRE_5_17
rt_sigtimedwait,KV_PRE_5_17,KV_PRE_5_17,KV_PRE_5_17,KV_PRE_5_17,KV_PRE_5_17,KV_PRE_5_17,KV_PRE_5_17,KV_PRE_5_17,KV_PRE_5_17,KV_PRE_5_17,KV_PRE_5_17,KV_PRE_5_17,KV_PRE_5_17,KV_PRE_5_17,KV_PRE_5_17,KV_PRE_5_17
rt_sigtimedwait_time64,KV_PRE_5_17,KV_UNDEF,KV_UNDEF,KV_PRE_5_17,KV_UNDEF,KV_PRE_5_17,KV_UNDEF,KV_PRE_5_17,KV_PRE_5_17,KV_UNDEF,KV_PRE_5_17,KV_UNDEF,KV_UNDEF,KV_PRE_5_17,KV_UNDEF,KV_PRE_5_17
rt_tgsigqueueinfo,KV_PRE_5_17,KV_PRE_5_17,KV_PRE_5_17,KV_PRE_5_17,KV_PRE_5_17,KV_PRE_5_17,KV_PRE_5_17,KV_PRE_5_17,KV_PRE_5_17,KV_PRE_5_17,KV_PRE_5_17,KV_PRE_5_17,KV_PRE_5_17,KV_PRE_5_17,KV_PRE_5_17,KV_PRE_5_17
s390_guarded_storage,KV_UNDEF,KV_UNDEF,KV_UNDEF,KV_UNDEF,KV_UNDEF,KV_UNDEF,KV_UNDEF,KV_UNDEF,KV_UNDEF,KV_UNDEF,KV_UNDEF,KV_UNDEF,KV_UNDEF,KV_PRE_5_17,KV_PRE_5_17,KV_UNDEF
s390_pci_mmio_read,KV_UNDEF,KV_UNDEF,KV_UNDEF,KV_UNDEF,KV_UNDEF,KV_UNDEF,KV_UNDEF,KV_UNDEF,KV_UNDEF,KV_UNDEF,KV_UNDEF,KV_UNDEF,KV_UNDEF,KV_PRE_5_17,KV_PRE_5_17,KV_UNDEF
s390_pci_mmio_write,KV_UNDEF,KV_UNDEF,KV_UNDEF,KV_UNDEF,KV_UNDEF,KV_UNDEF,KV_UNDEF,KV_UNDEF,KV_UNDEF,KV_UNDEF,KV_UNDEF,KV_UNDEF,KV_UNDEF,KV_PRE_5_17,KV_PRE_5_17,KV_UNDEF
s390_runtime_instr,KV_UNDEF,KV_UNDEF,KV_UNDEF,KV_UNDEF,KV_UNDEF,KV_UNDEF,KV_UNDEF,KV_UNDEF,KV_UNDEF,KV_UNDEF,KV_UNDEF,KV_UNDEF,KV_UNDEF,KV_PRE_5_17,KV_PRE_5_17,KV_UNDEF
s390_sthyi,KV_UNDEF,KV_UNDEF,KV_UNDEF,KV_UNDEF,KV_UNDEF,KV_UNDEF,KV_UNDEF,KV_UNDEF,KV_UNDEF,KV_UNDEF,KV_UNDEF,KV_UNDEF,KV_UNDEF,KV_PRE_5_17,KV_PRE_5_17,KV_UNDEF
sched_getaffinity,KV_PRE_5_17,KV_PRE_5_17,KV_PRE_5_17,KV_PRE_5_17,KV_PRE_5_17,KV_PRE_5_17,KV_PRE_5_17,KV_PRE_5_17,KV_PRE_5_17,KV_PRE_5_17,KV_PRE_5_17,KV_PRE_5_17,KV_PRE_5_17,KV_PRE_5_17,KV_PRE_5_17,KV_PRE_5_17
sched_getattr,KV_PRE_5_17,KV_PRE_5_17,KV_PRE_5_17,KV_PRE_5_17,KV_PRE_5_17,KV_PRE_5_17,KV_PRE_5_17,KV_PRE_5_17,KV_PRE_5_17,KV_PRE_5_17,KV_PRE_5_17,KV_PRE_5_17,KV_PRE_5_17,KV_PRE_5_17,KV_PRE_5_17,KV_PRE_5_17
sched_getparam,KV_PRE_5_17,KV_PRE_5_17,KV_PRE_5_17,KV_PRE_5_17,KV_PRE_5_17,KV_PRE_5_17,KV_PRE_5_17,KV_PRE_5_17,KV_PRE_5_17,KV_PRE_5_17,KV_PRE_5_17,KV_PRE_5_17,KV_PRE_5_17,KV_PRE_5_17,KV_PRE_5_17,KV_PRE_5_17
sched_get_priority_max,KV_PRE_5_17,KV_PRE_5_17,KV_PRE_5_17,KV_PRE_5_17,KV_PRE_5_17,KV_PRE_5_17,KV_PRE_5_17,KV_PRE_5_17,KV_PRE_5_17,KV_PRE_5_17,KV_PRE_5_17,KV_PRE_5_17,KV_PRE_5_17,KV_PRE_5_17,KV_PRE_5_17,KV_PRE_5_17
sched_get_priority_min,KV_PRE_5_17,KV_PRE_5_17,KV_PRE_5_17,KV_PRE_5_17,KV_PRE_5_17,KV_PRE_5_17,KV_PRE_5_17,KV_PRE_5_17,KV_PRE_5_17,KV_PRE_5_17,KV_PRE_5_17,KV_PRE_5_17,KV_PRE_5_17,KV_PRE_5_17,KV_PRE_5_17,KV_PRE_5_17
sched_getscheduler,KV_PRE_5_17,KV_PRE_5_17,KV_PRE_5_17,KV_PRE_5_17,KV_PRE_5_17,KV_PRE_5_17,KV_PRE_5_17,KV_PRE_5_17,KV_PRE_5_17,KV_PRE_5_17,KV_PRE_5_17,KV_PRE_5_17,KV_PRE_5_17,KV_PRE_5_17,KV_PRE_5_17,KV_PRE_5_17
sched_rr_get_interval,KV_PRE_5_17,KV_PRE_5_17,KV_PRE_5_17,KV_PRE_5_17,KV_PRE_5_17,KV_PRE_5_17,KV_PRE_5_17,KV_PRE_5_17,KV_PRE_5_17,KV_PRE_5_17,KV_PRE_5_17,KV_PRE_5_17,KV_PRE_5_17,KV_PRE_5_17,KV_PRE_5_17,KV_PRE_5_17
sched_rr_get_interval_time64,KV_PRE_5_17,KV_UNDEF,KV_UNDEF,KV_PRE_5_17,KV_UNDEF,KV_PRE_5_17,KV_UNDEF,KV_PRE_5_17,KV_PRE_5_17,KV_UNDEF,KV_PRE_5_17,KV_UNDEF,KV_UNDEF,KV_PRE_5_17,KV_UNDEF,KV_PRE_5_17
sched_setaffinity,KV_PRE_5_17,KV_PRE_5_17,KV_PRE_5_17,KV_PRE_5_17,KV_PRE_5_17,KV_PRE_5_17,KV_PRE_5_17,KV_PRE_5_17,KV_PRE_5_17,KV_PRE_5_17,KV_PRE_5_17,KV_PRE_5_17,KV_PRE_5_17,KV_PRE_5_17,KV_PRE_5_17,KV_PRE_5_17
sched_setattr,KV_PRE_5_17,KV_PRE_5_17,KV_PRE_5_17,KV_PRE_5_17,KV_PRE_5_17,KV_PRE_5_17,KV_PRE_5_17,KV_PRE_5_17,KV_PRE_5_17,KV_PRE_5_17,KV_PRE_5_17,KV_PRE_5_17,KV_PRE_5_17,KV_PRE_5_17,KV_PRE_5_17,KV_PRE_5_17
sched_setparam,KV_PRE_5_17,KV_PRE_5_17,KV_PRE_5_17,KV_PRE_5_17,KV_PRE_5_17,KV_PRE_5_17,KV_PRE_5_17,KV_PRE_5_17,KV_PRE_5_17,KV_PRE_5_17,KV_PRE_5_17,KV_PRE_5_17,KV_PRE_5_17,KV_PRE_5_17,KV_PRE_5_17,KV_PRE_5_17
sched_setscheduler,KV_PRE_5_17,KV_PRE_5_17,KV_PRE_5_17,KV_PRE_5_17,KV_PRE_5_17,KV_PRE_5_17,KV_PRE_5_17,KV_PRE_5_17,KV_PRE_5_17,KV_PRE_5_17,KV_PRE_5_17,KV_PRE_5_17,KV_PRE_5_17,KV_PRE_5_17,KV_PRE_5_17,KV_PRE_5_17
sched_yield,KV_PRE_5_17,KV_PRE_5_17,KV_PRE_5_17,KV_PRE_5_17,KV_PRE_5_17,KV_PRE_5_17,KV_PRE_5_17,KV_PRE_5_17,KV_PRE_5_17,KV_PRE_5_17,KV_PRE_5_17,KV_PRE_5_17,KV_PRE_5_17,KV_PRE_5_17,KV_PRE_5_17,KV_PRE_5_17
seccomp,KV_PRE_5_17,KV_PRE_5_17,KV_PRE_5_17,KV_PRE_5_17,KV_PRE_5_17,KV_PRE_5_17,KV_PRE_5_17,KV_PRE_5_17,KV_PRE_5_17,KV_PRE_5_17,KV_PRE_5_17,KV_PRE_5_17,KV_PRE_5_17,KV_PRE_5_17,KV_PRE_5_17,KV_PRE_5_17
security,KV_UNDEF,KV_PRE_5_17,KV_PRE_5_17,KV_UNDEF,KV_UNDEF,KV_UNDEF,KV_UNDEF,KV_UNDEF,KV_UNDEF,KV_UNDEF,KV_UNDEF,KV_UNDEF,KV_UNDEF,KV_UNDEF,KV_UNDEF,KV_UNDEF
select,KV_PRE_5_17,KV_PRE_5_17,KV_PRE_5_17,KV_UNDEF,KV_UNDEF,KV_UNDEF,KV_UNDEF,KV_UNDEF,KV_UNDEF,KV_UNDEF,KV_PRE_5_17,KV_PRE_5_17,KV_UNDEF,KV_UNDEF,KV_PRE_5_17,KV_UNDEF
semctl,KV_PRE_5_17,KV_PRE_5_17,KV_PRE_5_17,KV_PRE_5_17,KV_PRE_5_17,KV_PRE_5_17,KV_PRE_5_17,KV_PRE_5_17,KV_PRE_5_17,KV_PRE_5_17,KV_PRE_5_17,KV_PRE_5_17,KV_PRE_5_17,KV_PRE_5_17,KV_PRE_5_17,KV_PRE_5_17
semget,KV_PRE_5_17,KV_PRE_5_17,KV_PRE_5_17,KV_PRE_5_17,KV_PRE_5_17,KV_PRE_5_17,KV_PRE_5_17,KV_PRE_5_17,KV_PRE_5_17,KV_PRE_5_17,KV_PRE_5_17,KV_PRE_5_17,KV_PRE_5_17,KV_PRE_5_17,KV_PRE_5_17,KV_PRE_5_17
semop,KV_UNDEF,KV_PRE_5_17,KV_PRE_5_17,KV_PRE_5_17,KV_PRE_5_17,KV_UNDEF,KV_PRE_5_17,KV_PRE_5_17,KV_PRE_5_17,KV_PRE_5_17,KV_UNDEF,KV_UNDEF,KV_PRE_5_17,KV_UNDEF,KV_UNDEF,KV_UNDEF
semtimedop,KV_UNDEF,KV_PRE_5_17,KV_PRE_5_17,KV_PRE_5_17,KV_PRE_5_17,KV_UNDEF,KV_PRE_5_17,KV_PRE_5_17,KV_PRE_5_17,KV_PRE_5_17,KV_UNDEF,KV_PRE_5_17,KV_PRE_5_17,KV_UNDEF,KV_PRE_5_17,KV_UNDEF
semtimedop_time64,KV_PRE_5_17,KV_UNDEF,KV_UNDEF,KV_PRE_5_17,KV_UNDEF,KV_PRE_5_17,KV_UNDEF,KV_PRE_5_17,KV_PRE_5_17,KV_UNDEF,KV_PRE_5_17,KV_UNDEF,KV_UNDEF,KV_PRE_5_17,KV_UNDEF,KV_PRE_5_17
send,KV_UNDEF,KV_UNDEF,KV_UNDEF,KV_PRE_5_17,KV_UNDEF,KV_PRE_5_17,KV_UNDEF,KV_UNDEF,KV_PRE_5_17,KV_PRE_5_17,KV_PRE_5_17,KV_PRE_5_17,KV_UNDEF,KV_UNDEF,KV_UNDEF,KV_PRE_5_17
sendfile,KV_PRE_5_17,KV_PRE_5_17,KV_PRE_5_17,KV_PRE_5_17,KV_PRE_5_17,KV_PRE_5_17,KV_PRE_5_17,KV_PRE_5_17,KV_PRE_5_17,KV_PRE_5_17,KV_PRE_5_17,KV_PRE_5_17,KV_PRE_5_17,KV_PRE_5_17,KV_PRE_5_17,KV_PRE_5_17
sendfile64,KV_PRE_5_17,KV_UNDEF,KV_UNDEF,KV_PRE_5_17,KV_UNDEF,KV_PRE_5_17,KV_UNDEF,KV_PRE_5_17,KV_PRE_5_17,KV_PRE_5_17,KV_PRE_5_17,KV_UNDEF,KV_UNDEF,KV_PRE_5_17,KV_UNDEF,KV_PRE_5_17
sendmmsg,KV_PRE_5_17,KV_PRE_5_17,KV_PRE_5_17,KV_PRE_5_17,KV_PRE_5_17,KV_PRE_5_17,KV_PRE_5_17,KV_PRE_5_17,KV_PRE_5_17,KV_PRE_5_17,KV_PRE_5_17,KV_PRE_5_17,KV_PRE_5_17,KV_PRE_5_17,KV_PRE_5_17,KV_PRE_5_17
sendmsg,KV_PRE_5_17,KV_PRE_5_17,KV_PRE_5_17,KV_PRE_5_17,KV_PRE_5_17,KV_PRE_5_17,KV_PRE_5_17,KV_PRE_5_17,KV_PRE_5_17,KV_PRE_5_17,KV_PRE_5_17,KV_PRE_5_17,KV_PRE_5_17,KV_PRE_5_17,KV_PRE_5_17,KV_PRE_5_17
sendto,KV_PRE_5_17,KV_PRE_5_17,KV_PRE_5_17,KV_PRE_5_17,KV_PRE_5_17,KV_PRE_5_17,KV_PRE_5_17,KV_PRE_5_17,KV_PRE_5_17,KV_PRE_5_17,KV_PRE_5_17,KV_PRE_5_17,KV_PRE_5_17,KV_PRE_5_17,KV_PRE_5_17,KV_PRE_5_17
setdomainname,KV_PRE_5_17,KV_PRE_5_17,KV_PRE_5_17,KV_PRE_5_17,KV_PRE_5_17,KV_PRE_5_17,KV_PRE_5_17,KV_PRE_5_17,KV_PRE_5_17,KV_PRE_5_17,KV_PRE_5_17,KV_PRE_5_17,KV_PRE_5_17,KV_PRE_5_17,KV_PRE_5_17,KV_PRE_5_17
setfsgid,KV_PRE_5_17,KV_PRE_5_17,KV_PRE_5_17,KV_PRE_5_17,KV_PRE_5_17,KV_PRE_5_17,KV_PRE_5_17,KV_PRE_5_17,KV_PRE_5_17,KV_PRE_5_17,KV_PRE_5_17,KV_PRE_5_17,KV_PRE_5_17,KV_PRE_5_17,KV_PRE_5_17,KV_PRE_5_17
setfsgid32,KV_PRE_5_17,KV_UNDEF,KV_UNDEF,KV_PRE_5_17,KV_UNDEF,KV_UNDEF,KV_UNDEF,KV_UNDEF,KV_UNDEF,KV_UNDEF,KV_UNDEF,KV_UNDEF,KV_UNDEF,KV_PRE_5_17,KV_UNDEF,KV_PRE_5_17
setfsuid,KV_PRE_5_17,KV_PRE_5_17,KV_PRE_5_17,KV_PRE_5_17,KV_PRE_5_17,KV_PRE_5_17,KV_PRE_5_17,KV_PRE_5_17,KV_PRE_5_17,KV_PRE_5_17,KV_PRE_5_17,KV_PRE_5_17,KV_PRE_5_17,KV_PRE_5_17,KV_PRE_5_17,KV_PRE_5_17
setfsuid32,KV_PRE_5_17,KV_UNDEF,KV_UNDEF,KV_PRE_5_17,KV_UNDEF,KV_UNDEF,KV_UNDEF,KV_UNDEF,KV_UNDEF,KV_UNDEF,KV_UNDEF,KV_UNDEF,KV_UNDEF,KV_PRE_5_17,KV_UNDEF,KV_PRE_5_17
setgid,KV_PRE_5_17,KV_PRE_5_17,KV_PRE_5_17,KV_PRE_5_17,KV_PRE_5_17,KV_PRE_5_17,KV_PRE_5_17,KV_PRE_5_17,KV_PRE_5_17,KV_PRE_5_17,KV_PRE_5_17,KV_PRE_5_17,KV_PRE_5_17,KV_PRE_5_17,KV_PRE_5_17,KV_PRE_5_17
setgid32,KV_PRE_5_17,KV_UNDEF,KV_UNDEF,KV_PRE_5_17,KV_UNDEF,KV_UNDEF,KV_UNDEF,KV_UNDEF,KV_UNDEF,KV_UNDEF,KV_UNDEF,KV_UNDEF,KV_UNDEF,KV_PRE_5_17,KV_UNDEF,KV_PRE_5_17
setgroups,KV_PRE_5_17,KV_PRE_5_17,KV_PRE_5_17,KV_PRE_5_17,KV_PRE_5_17,KV_PRE_5_17,KV_PRE_5_17,KV_PRE_5_17,KV_PRE_5_17,KV_PRE_5_17,KV_PRE_5_17,KV_PRE_5_17,KV_PRE_5_17,KV_PRE_5_17,KV_PRE_5_17,KV_PRE_5_17
setgroups32,KV_PRE_5_17,KV_UNDEF,KV_UNDEF,KV_PRE_5_17,KV_UNDEF,KV_UNDEF,KV_UNDEF,KV_UNDEF,KV_UNDEF,KV_UNDEF,KV_UNDEF,KV_UNDEF,KV_UNDEF,KV_PRE_5_17,KV_UNDEF,KV_PRE_5_17
sethostname,KV_PRE_5_17,KV_5_17,KV_PRE_5_17,KV_PRE_5_17,KV_PRE_5_17,KV_PRE_5_17,KV_PRE_5_17,KV_PRE_5_17,KV_PRE_5_17,KV_PRE_5_17,KV_PRE_5_17,KV_PRE_5_17,KV_PRE_5_17,KV_PRE_5_17,KV_PRE_5_17,KV_PRE_5_17
setitimer,KV_PRE_5_17,KV_PRE_5_17,KV_PRE_5_17,KV_PRE_5_17,KV_PRE_5_17,KV_PRE_5_17,KV_PRE_5_17,KV_PRE_5_17,KV_PRE_5_17,KV_PRE_5_17,KV_PRE_5_17,KV_PRE_5_17,KV_PRE_5_17,KV_PRE_5_17,KV_PRE_5_17,KV_PRE_5_17
set_mempolicy,KV_PRE_5_17,KV_PRE_5_17,KV_PRE_5_17,KV_PRE_5_17,KV_PRE_5_17,KV_PRE_5_17,KV_PRE_5_17,KV_PRE_5_17,KV_PRE_5_17,KV_PRE_5_17,KV_PRE_5_17,KV_PRE_5_17,KV_PRE_5_17,KV_PRE_5_17,KV_PRE_5_17,KV_PRE_5_17
setns,KV_PRE_5_17,KV_PRE_5_17,KV_PRE_5_17,KV_PRE_5_17,KV_PRE_5_17,KV_PRE_5_17,KV_PRE_5_17,KV_PRE_5_17,KV_PRE_5_17,KV_PRE_5_17,KV_PRE_5_17,KV_PRE_5_17,KV_PRE_5_17,KV_PRE_5_17,KV_PRE_5_17,KV_PRE_5_17
setpgid,KV_PRE_5_17,KV_PRE_5_17,KV_PRE_5_17,KV_PRE_5_17,KV_PRE_5_17,KV_PRE_5_17,KV_PRE_5_17,KV_PRE_5_17,KV_PRE_5_17,KV_PRE_5_17,KV_PRE_5_17,KV_PRE_5_17,KV_PRE_5_17,KV_PRE_5_17,KV_PRE_5_17,KV_PRE_5_17
setpriority,KV_PRE_5_17,KV_PRE_5_17,KV_PRE_5_17,KV_PRE_5_17,KV_PRE_5_17,KV_PRE_5_17,KV_PRE_5_17,KV_PRE_5_17,KV_PRE_5_17,KV_PRE_5_17,KV_PRE_5_17,KV_PRE_5_17,KV_PRE_5_17,KV_PRE_5_17,KV_PRE_5_17,KV_PRE_5_17
setregid,KV_PRE_5_17,KV_PRE_5_17,KV_PRE_5_17,KV_PRE_5_17,KV_PRE_5_17,KV_PRE_5_17,KV_PRE_5_17,KV_PRE_5_17,KV_PRE_5_17,KV_PRE_5_17,KV_PRE_5_17,KV_PRE_5_17,KV_PRE_5_17,KV_PRE_5_17,KV_PRE_5_17,KV_PRE_5_17
setregid32,KV_PRE_5_17,KV_UNDEF,KV_UNDEF,KV_PRE_5_17,KV_UNDEF,KV_UNDEF,KV_UNDEF,KV_UNDEF,KV_UNDEF,KV_UNDEF,KV_UNDEF,KV_UNDEF,KV_UNDEF,KV_PRE_5_17,KV_UNDEF,KV_PRE_5_17
setresgid,KV_PRE_5_17,KV_PRE_5_17,KV_PRE_5_17,KV_PRE_5_17,KV_PRE_5_17,KV_PRE_5_17,KV_PRE_5_17,KV_PRE_5_17,KV_PRE_5_17,KV_PRE_5_17,KV_PRE_5_17,KV_PRE_5_17,KV_PRE_5_17,KV_PRE_5_17,KV_PRE_5_17,KV_PRE_5_17
setresgid32,KV_PRE_5_17,KV_UNDEF,KV_UNDEF,KV_PRE_5_17,KV_UNDEF,KV_UNDEF,KV_UNDEF,KV_UNDEF,KV_UNDEF,KV_UNDEF,KV_UNDEF,KV_UNDEF,KV_UNDEF,KV_PRE_5_17,KV_UNDEF,KV_PRE_5_17
setresuid,KV_PRE_5_17,KV_PRE_5_17,KV_PRE_5_17,KV_PRE_5_17,KV_PRE_5_17,KV_PRE_5_17,KV_PRE_5_17,KV_PRE_5_17,KV_PRE_5_17,KV_PRE_5_17,KV_PRE_5_17,KV_PRE_5_17,KV_PRE_5_17,KV_PRE_5_17,KV_PRE_5_17,KV_PRE_5_17
setresuid32,KV_PRE_5_17,KV_UNDEF,KV_UNDEF,KV_PRE_5_17,KV_UNDEF,KV_UNDEF,KV_UNDEF,KV_UNDEF,KV_UNDEF,KV_UNDEF,KV_UNDEF,KV_UNDEF,KV_UNDEF,KV_PRE_5_17,KV_UNDEF,KV_PRE_5_17
setreuid,KV_PRE_5_17,KV_PRE_5_17,KV_PRE_5_17,KV_PRE_5_17,KV_PRE_5_17,KV_PRE_5_17,KV_PRE_5_17,KV_PRE_5_17,KV_PRE_5_17,KV_PRE_5_17,KV_PRE_5_17,KV_PRE_5_17,KV_PRE_5_17,KV_PRE_5_17,KV_PRE_5_17,KV_PRE_5_17
setreuid32,KV_PRE_5_17,KV_UNDEF,KV_UNDEF,KV_PRE_5_17,KV_UNDEF,KV_UNDEF,KV_UNDEF,KV_UNDEF,KV_UNDEF,KV_UNDEF,KV_UNDEF,KV_UNDEF,KV_UNDEF,KV_PRE_5_17,KV_UNDEF,KV_PRE_5_17
setrlimit,KV_PRE_5_17,KV_PRE_5_17,KV_PRE_5_17,KV_PRE_5_17,KV_PRE_5_17,KV_PRE_5_17,KV_PRE_5_17,KV_PRE_5_17,KV_PRE_5_17,KV_PRE_5_17,KV_PRE_5_17,KV_PRE_5_17,KV_PRE_5_17,KV_PRE_5_17,KV_PRE_5_17,KV_PRE_5_17
set_robust_list,KV_PRE_5_17,KV_PRE_5_17,KV_PRE_5_17,KV_PRE_5_17,KV_PRE_5_17,KV_PRE_5_17,KV_PRE_5_17,KV_PRE_5_17,KV_PRE_5_17,KV_PRE_5_17,KV_PRE_5_17,KV_PRE_5_17,KV_PRE_5_17,KV_PRE_5_17,KV_PRE_5_17,KV_PRE_5_17
setsid,KV_PRE_5_17,KV_PRE_5_17,KV_PRE_5_17,KV_PRE_5_17,KV_PRE_5_17,KV_PRE_5_17,KV_PRE_5_17,KV_PRE_5_17,KV_PRE_5_17,KV_PRE_5_17,KV_PRE_5_17,KV_PRE_5_17,KV_PRE_5_17,KV_PRE_5_17,KV_PRE_5_17,KV_PRE_5_17
setsockopt,KV_PRE_5_17,KV_PRE_5_17,KV_PRE_5_17,KV_PRE_5_17,KV_PRE_5_17,KV_PRE_5_17,KV_PRE_5_17,KV_PRE_5_17,KV_PRE_5_17,KV_PRE_5_17,KV_PRE_5_17,KV_PRE_5_17,KV_PRE_5_17,KV_PRE_5_17,KV_PRE_5_17,KV_PRE_5_17
set_thread_area,KV_PRE_5_17,KV_PRE_5_17,KV_UNDEF,KV_UNDEF,KV_UNDEF,KV_PRE_5_17,KV_PRE_5_17,KV_PRE_5_17,KV_UNDEF,KV_UNDEF,KV_UNDEF,KV_UNDEF,KV_UNDEF,KV_UNDEF,KV_UNDEF,KV_UNDEF
set_tid_address,KV_PRE_5_17,KV_PRE_5_17,KV_PRE_5_17,KV_PRE_5_17,KV_PRE_5_17,KV_PRE_5_17,KV_PRE_5_17,KV_PRE_5_17,KV_PRE_5_17,KV_PRE_5_17,KV_PRE_5_17,KV_PRE_5_17,KV_PRE_5_17,KV_PRE_5_17,KV_PRE_5_17,KV_PRE_5_17
settimeofday,KV_PRE_5_17,KV_PRE_5_17,KV_PRE_5_17,KV_PRE_5_17,KV_PRE_5_17,KV_PRE_5_17,KV_PRE_5_17,KV_PRE_5_17,KV_PRE_5_17,KV_PRE_5_17,KV_PRE_5_17,KV_PRE_5_17,KV_PRE_5_17,KV_PRE_5_17,KV_PRE_5_17,KV_PRE_5_17
set_tls,KV_UNDEF,KV_UNDEF,KV_UNDEF,KV_PRE_5_17,KV_UNDEF,KV_UNDEF,KV_UNDEF,KV_UNDEF,KV_UNDEF,KV_UNDEF,KV_UNDEF,KV_UNDEF,KV_UNDEF,KV_UNDEF,KV_UNDEF,KV_UNDEF
setuid,KV_PRE_5_17,KV_PRE_5_17,KV_PRE_5_17,KV_PRE_5_17,KV_PRE_5_17,KV_PRE_5_17,KV_PRE_5_17,KV_PRE_5_17,KV_PRE_5_17,KV_PRE_5_17,KV_PRE_5_17,KV_PRE_5_17,KV_PRE_5_17,KV_PRE_5_17,KV_PRE_5_17,KV_PRE_5_17
setuid32,KV_PRE_5_17,KV_UNDEF,KV_UNDEF,KV_PRE_5_17,KV_UNDEF,KV_UNDEF,KV_UNDEF,KV_UNDEF,KV_UNDEF,KV_UNDEF,KV_UNDEF,KV_UNDEF,KV_UNDEF,KV_PRE_5_17,KV_UNDEF,KV_PRE_5_17
setxattr,KV_PRE_5_17,KV_PRE_5_17,KV_PRE_5_17,KV_PRE_5_17,KV_PRE_5_17,KV_PRE_5_17,KV_PRE_5_17,KV_PRE_5_17,KV_PRE_5_17,KV_PRE_5_17,KV_PRE_5_17,KV_PRE_5_17,KV_PRE_5_17,KV_PRE_5_17,KV_PRE_5_17,KV_PRE_5_17
sgetmask,KV_PRE_5_17,KV_UNDEF,KV_UNDEF,KV_UNDEF,KV_UNDEF,KV_PRE_5_17,KV_UNDEF,KV_UNDEF,KV_PRE_5_17,KV_PRE_5_17,KV_PRE_5_17,KV_PRE_5_17,KV_UNDEF,KV_UNDEF,KV_UNDEF,KV_PRE_5_17
shmat,KV_PRE_5_17,KV_PRE_5_17,KV_PRE_5_17,KV_PRE_5_17,KV_PRE_5_17,KV_PRE_5_17,KV_PRE_5_17,KV_PRE_5_17,KV_PRE_5_17,KV_PRE_5_17,KV_PRE_5_17,KV_PRE_5_17,KV_PRE_5_17,KV_PRE_5_17,KV_PRE_5_17,KV_PRE_5_17
shmctl,KV_PRE_5_17,KV_PRE_5_17,KV_PRE_5_17,KV_PRE_5_17,KV_PRE_5_17,KV_PRE_5_17,KV_PRE_5_17,KV_PRE_5_17,KV_PRE_5_17,KV_PRE_5_17,KV_PRE_5_17,KV_PRE_5_17,KV_PRE_5_17,KV_PRE_5_17,KV_PRE_5_17,KV_PRE_5_17
shmdt,KV_PRE_5_17,KV_PRE_5_17,KV_PRE_5_17,KV_PRE_5_17,KV_PRE_5_17,KV_PRE_5_17,KV_PRE_5_17,KV_PRE_5_17,KV_PRE_5_17,KV_PRE_5_17,KV_PRE_5_17,KV_PRE_5_17,KV_PRE_5_17,KV_PRE_5_17,KV_PRE_5_17,KV_PRE_5_17
shmget,KV_PRE_5_17,KV_PRE_5_17,KV_PRE_5_17,KV_PRE_5_17,KV_PRE_5_17,KV_PRE_5_17,KV_PRE_5_17,KV_PRE_5_17,KV_PRE_5_17,KV_PRE_5_17,KV_PRE_5_17,KV_PRE_5_17,KV_PRE_5_17,KV_PRE_5_17,KV_PRE_5_17,KV_PRE_5_17
shutdown,KV_PRE_5_17,KV_PRE_5_17,KV_PRE_5_17,KV_PRE_5_17,KV_PRE_5_17,KV_PRE_5_17,KV_PRE_5_17,KV_PRE_5_17,KV_PRE_5_17,KV_PRE_5_17,KV_PRE_5_17,KV_PRE_5_17,KV_PRE_5_17,KV_PRE_5_17,KV_PRE_5_17,KV_PRE_5_17
sigaction,KV_PRE_5_17,KV_UNDEF,KV_UNDEF,KV_PRE_5_17,KV_UNDEF,KV_PRE_5_17,KV_UNDEF,KV_UNDEF,KV_UNDEF,KV_UNDEF,KV_PRE_5_17,KV_PRE_5_17,KV_UNDEF,KV_PRE_5_17,KV_PRE_5_17,KV_PRE_5_17
sigaltstack,KV_PRE_5_17,KV_PRE_5_17,KV_PRE_5_17,KV_PRE_5_17,KV_PRE_5_17,KV_PRE_5_17,KV_PRE_5_17,KV_PRE_5_17,KV_PRE_5_17,KV_PRE_5_17,KV_PRE_5_17,KV_PRE_5_17,KV_PRE_5_17,KV_PRE_5_17,KV_PRE_5_17,KV_PRE_5_17
signal,KV_PRE_5_17,KV_UNDEF,KV_UNDEF,KV_UNDEF,KV_UNDEF,KV_PRE_5_17,KV_UNDEF,KV_UNDEF,KV_PRE_5_17,KV_PRE_5_17,KV_PRE_5_17,KV_PRE_5_17,KV_UNDEF,KV_PRE_5_17,KV_PRE_5_17,KV_PRE_5_17
signalfd,KV_PRE_5_17,KV_PRE_5_17,KV_PRE_5_17,KV_PRE_5_17,KV_UNDEF,KV_PRE_5_17,KV_PRE_5_17,KV_PRE_5_17,KV_PRE_5_17,KV_PRE_5_17,KV_PRE_5_17,KV_PRE_5_17,KV_UNDEF,KV_PRE_5_17,KV_PRE_5_17,KV_PRE_5_17
signalfd4,KV_PRE_5_17,KV_PRE_5_17,KV_PRE_5_17,KV_PRE_5_17,KV_PRE_5_17,KV_PRE_5_17,KV_PRE_5_17,KV_PRE_5_17,KV_PRE_5_17,KV_PRE_5_17,KV_PRE_5_17,KV_PRE_5_17,KV_PRE_5_17,KV_PRE_5_17,KV_PRE_5_17,KV_PRE_5_17
sigpending,KV_PRE_5_17,KV_UNDEF,KV_UNDEF,KV_PRE_5_17,KV_UNDEF,KV_PRE_5_17,KV_UNDEF,KV_UNDEF,KV_PRE_5_17,KV_PRE_5_17,KV_PRE_5_17,KV_PRE_5_17,KV_UNDEF,KV_PRE_5_17,KV_PRE_5_17,KV_PRE_5_17
sigprocmask,KV_PRE_5_17,KV_UNDEF,KV_UNDEF,KV_PRE_5_17,KV_UNDEF,KV_PRE_5_17,KV_UNDEF,KV_UNDEF,KV_PRE_5_17,KV_PRE_5_17,KV_PRE_5_17,KV_PRE_5_17,KV_UNDEF,KV_PRE_5_17,KV_PRE_5_17,KV_PRE_5_17
sigreturn,KV_PRE_5_17,KV_UNDEF,KV_UNDEF,KV_PRE_5_17,KV_UNDEF,KV_PRE_5_17,KV_UNDEF,KV_UNDEF,KV_UNDEF,KV_UNDEF,KV_PRE_5_17,KV_PRE_5_17,KV_UNDEF,KV_PRE_5_17,KV_PRE_5_17,KV_PRE_5_17
sigsuspend,KV_PRE_5_17,KV_UNDEF,KV_UNDEF,KV_PRE_5_17,KV_UNDEF,KV_PRE_5_17,KV_UNDEF,KV_UNDEF,KV_UNDEF,KV_UNDEF,KV_PRE_5_17,KV_PRE_5_17,KV_UNDEF,KV_PRE_5_17,KV_PRE_5_17,KV_PRE_5_17
socket,KV_PRE_5_17,KV_PRE_5_17,KV_PRE_5_17,KV_PRE_5_17,KV_PRE_5_17,KV_PRE_5_17,KV_PRE_5_17,KV_PRE_5_17,KV_PRE_5_17,KV_PRE_5_17,KV_PRE_5_17,KV_PRE_5_17,KV_PRE_5_17,KV_PRE_5_17,KV_PRE_5_17,KV_PRE_5_17
socketcall,KV_PRE_5_17,KV_UNDEF,KV_UNDEF,KV_UNDEF,KV_UNDEF,KV_PRE_5_17,KV_UNDEF,KV_UNDEF,KV_UNDEF,KV_UNDEF,KV_PRE_5_17,KV_PRE_5_17,KV_UNDEF,KV_PRE_5_17,KV_PRE_5_17,KV_PRE_5_17
socketpair,KV_PRE_5_17,KV_PRE_5_17,KV_PRE_5_17,KV_PRE_5_17,KV_PRE_5_17,KV_PRE_5_17,KV_PRE_5_17,KV_PRE_5_17,KV_PRE_5_17,KV_PRE_5_17,KV_PRE_5_17,KV_PRE_5_17,KV_PRE_5_17,KV_PRE_5_17,KV_PRE_5_17,KV_PRE_5_17
splice,KV_PRE_5_17,KV_PRE_5_17,KV_PRE_5_17,KV_PRE_5_17,KV_PRE_5_17,KV_PRE_5_17,KV_PRE_5_17,KV_PRE_5_17,KV_PRE_5_17,KV_PRE_5_17,KV_PRE_5_17,KV_PRE_5_17,KV_PRE_5_17,KV_PRE_5_17,KV_PRE_5_17,KV_PRE_5_17
spu_create,KV_UNDEF,KV_UNDEF,KV_UNDEF,KV_UNDEF,KV_UNDEF,KV_UNDEF,KV_UNDEF,KV_UNDEF,KV_UNDEF,KV_UNDEF,KV_PRE_5_17,KV_PRE_5_17,KV_UNDEF,KV_UNDEF,KV_UNDEF,KV_UNDEF
spu_run,KV_UNDEF,KV_UNDEF,KV_UNDEF,KV_UNDEF,KV_UNDEF,KV_UNDEF,KV_UNDEF,KV_UNDEF,KV_UNDEF,KV_UNDEF,KV_PRE_5_17,KV_PRE_5_17,KV_UNDEF,KV_UNDEF,KV_UNDEF,KV_UNDEF
ssetmask,KV_PRE_5_17,KV_UNDEF,KV_UNDEF,KV_UNDEF,KV_UNDEF,KV_PRE_5_17,KV_UNDEF,KV_UNDEF,KV_PRE_5_17,KV_PRE_5_17,KV_PRE_5_17,KV_PRE_5_17,KV_UNDEF,KV_UNDEF,KV_UNDEF,KV_PRE_5_17
stat,KV_PRE_5_17,KV_PRE_5_17,KV_PRE_5_17,KV_PRE_5_17,KV_UNDEF,KV_PRE_5_17,KV_PRE_5_17,KV_PRE_5_17,KV_PRE_5_17,KV_PRE_5_17,KV_PRE_5_17,KV_PRE_5_17,KV_UNDEF,KV_PRE_5_17,KV_PRE_5_17,KV_PRE_5_17
stat64,KV_PRE_5_17,KV_UNDEF,KV_UNDEF,KV_PRE_5_17,KV_UNDEF,KV_PRE_5_17,KV_UNDEF,KV_UNDEF,KV_PRE_5_17,KV_PRE_5_17,KV_PRE_5_17,KV_UNDEF,KV_UNDEF,KV_PRE_5_17,KV_UNDEF,KV_PRE_5_17
statfs,KV_PRE_5_17,KV_PRE_5_17,KV_PRE_5_17,KV_PRE_5_17,KV_PRE_5_17,KV_PRE_5_17,KV_PRE_5_17,KV_PRE_5_17,KV_PRE_5_17,KV_PRE_5_17,KV_PRE_5_17,KV_PRE_5_17,KV_PRE_5_17,KV_PRE_5_17,KV_PRE_5_17,KV_PRE_5_17
statfs64,KV_PRE_5_17,KV_UNDEF,KV_UNDEF,KV_PRE_5_17,KV_UNDEF,KV_PRE_5_17,KV_UNDEF,KV_PRE_5_17,KV_PRE_5_17,KV_PRE_5_17,KV_PRE_5_17,KV_PRE_5_17,KV_UNDEF,KV_PRE_5_17,KV_PRE_5_17,KV_PRE_5_17
statx,KV_PRE_5_17,KV_PRE_5_17,KV_PRE_5_17,KV_PRE_5_17,KV_PRE_5_17,KV_PRE_5_17,KV_PRE_5_17,KV_PRE_5_17,KV_PRE_5_17,KV_PRE_5_17,KV_PRE_5_17,KV_PRE_5_17,KV_PRE_5_17,KV_PRE_5_17,KV_PRE_5_17,KV_PRE_5_17
stime,KV_PRE_5_17,KV_UNDEF,KV_UNDEF,KV_UNDEF,KV_UNDEF,KV_PRE_5_17,KV_UNDEF,KV_UNDEF,KV_PRE_5_17,KV_PRE_5_17,KV_PRE_5_17,KV_PRE_5_17,KV_UNDEF,KV_PRE_5_17,KV_UNDEF,KV_PRE_5_17
stty,KV_PRE_5_17,KV_UNDEF,KV_UNDEF,KV_UNDEF,KV_UNDEF,KV_PRE_5_17,KV_UNDEF,KV_UNDEF,KV_UNDEF,KV_UNDEF,KV_PRE_5_17,KV_PRE_5_17,KV_UNDEF,KV_UNDEF,KV_UNDEF,KV_UNDEF
subpage_prot,KV_UNDEF,KV_UNDEF,KV_UNDEF,KV_UNDEF,KV_UNDEF,KV_UNDEF,KV_UNDEF,KV_UNDEF,KV_UNDEF,KV_UNDEF,KV_PRE_5_17,KV_PRE_5_17,KV_UNDEF,KV_UNDEF,KV_UNDEF,KV_UNDEF
swapcontext,KV_UNDEF,KV_UNDEF,KV_UNDEF,KV_UNDEF,KV_UNDEF,KV_UNDEF,KV_UNDEF,KV_UNDEF,KV_UNDEF,KV_UNDEF,KV_PRE_5_17,KV_PRE_5_17,KV_UNDEF,KV_UNDEF,KV_UNDEF,KV_UNDEF
swapoff,KV_PRE_5_17,KV_PRE_5_17,KV_PRE_5_17,KV_PRE_5_17,KV_PRE_5_17,KV_PRE_5_17,KV_PRE_5_17,KV_PRE_5_17,KV_PRE_5_17,KV_PRE_5_17,KV_PRE_5_17,KV_PRE_5_17,KV_PRE_5_17,KV_PRE_5_17,KV_PRE_5_17,KV_PRE_5_17
swapon,KV_PRE_5_17,KV_PRE_5_17,KV_PRE_5_17,KV_PRE_5_17,KV_PRE_5_17,KV_PRE_5_17,KV_PRE_5_17,KV_PRE_5_17,KV_PRE_5_17,KV_PRE_5_17,KV_PRE_5_17,KV_PRE_5_17,KV_PRE_5_17,KV_PRE_5_17,KV_PRE_5_17,KV_PRE_5_17
switch_endian,KV_UNDEF,KV_UNDEF,KV_UNDEF,KV_UNDEF,KV_UNDEF,KV_UNDEF,KV_UNDEF,KV_UNDEF,KV_UNDEF,KV_UNDEF,KV_PRE_5_17,KV_PRE_5_17,KV_UNDEF,KV_UNDEF,KV_UNDEF,KV_UNDEF
symlink,KV_PRE_5_17,KV_PRE_5_17,KV_PRE_5_17,KV_PRE_5_17,KV_UNDEF,KV_PRE_5_17,KV_PRE_5_17,KV_PRE_5_17,KV_PRE_5_17,KV_PRE_5_17,KV_PRE_5_17,KV_PRE_5_17,KV_UNDEF,KV_PRE_5_17,KV_PRE_5_17,KV_PRE_5_17
symlinkat,KV_PRE_5_17,KV_PRE_5_17,KV_PRE_5_17,KV_PRE_5_17,KV_PRE_5_17,KV_PRE_5_17,KV_PRE_5_17,KV_PRE_5_17,KV_PRE_5_17,KV_PRE_5_17,KV_PRE_5_17,KV_PRE_5_17,KV_PRE_5_17,KV_PRE_5_17,KV_PRE_5_17,KV_PRE_5_17
sync,KV_PRE_5_17,KV_PRE_5_17,KV_PRE_5_17,KV_PRE_5_17,KV_PRE_5_17,KV_PRE_5_17,KV_PRE_5_17,KV_PRE_5_17,KV_PRE_5_17,KV_PRE_5_17,KV_PRE_5_17,KV_PRE_5_17,KV_PRE_5_17,KV_PRE_5_17,KV_PRE_5_17,KV_PRE_5_17
sync_file_range,KV_PRE_5_17,KV_PRE_5_17,KV_PRE_5_17,KV_UNDEF,KV_PRE_5_17,KV_PRE_5_17,KV_PRE_5_17,KV_PRE_5_17,KV_PRE_5_17,KV_PRE_5_17,KV_UNDEF,KV_UNDEF,KV_PRE_5_17,KV_PRE_5_17,KV_PRE_5_17,KV_PRE_5_17
sync_file_range2,KV_UNDEF,KV_UNDEF,KV_UNDEF,KV_UNDEF,KV_UNDEF,KV_UNDEF,KV_UNDEF,KV_UNDEF,KV_UNDEF,KV_UNDEF,KV_PRE_5_17,KV_PRE_5_17,KV_UNDEF,KV_UNDEF,KV_UNDEF,KV_UNDEF
syncfs,KV_PRE_5_17,KV_PRE_5_17,KV_PRE_5_17,KV_PRE_5_17,KV_PRE_5_17,KV_PRE_5_17,KV_PRE_5_17,KV_PRE_5_17,KV_PRE_5_17,KV_PRE_5_17,KV_PRE_5_17,KV_PRE_5_17,KV_PRE_5_17,KV_PRE_5_17,KV_PRE_5_17,KV_PRE_5_17
syscall,KV_UNDEF,KV_UNDEF,KV_UNDEF,KV_UNDEF,KV_UNDEF,KV_PRE_5_17,KV_UNDEF,KV_UNDEF,KV_UNDEF,KV_UNDEF,KV_UNDEF,KV_UNDEF,KV_UNDEF,KV_UNDEF,KV_UNDEF,KV_UNDEF
_sysctl,KV_PRE_5_17,KV_PRE_5_17,KV_UNDEF,KV_PRE_5_17,KV_UNDEF,KV_PRE_5_17,KV_PRE_5_17,KV_PRE_5_17,KV_PRE_5_17,KV_PRE_5_17,KV_PRE_5_17,KV_PRE_5_17,KV_UNDEF,KV_PRE_5_17,KV_PRE_5_17,KV_PRE_5_17
sys_debug_setcontext,KV_UNDEF,KV_UNDEF,KV_UNDEF,KV_UNDEF,KV_UNDEF,KV_UNDEF,KV_UNDEF,KV_UNDEF,KV_UNDEF,KV_UNDEF,KV_PRE_5_17,KV_PRE_5_17,KV_UNDEF,KV_UNDEF,KV_UNDEF,KV_UNDEF
sysfs,KV_PRE_5_17,KV_PRE_5_17,KV_PRE_5_17,KV_PRE_5_17,KV_UNDEF,KV_PRE_5_17,KV_PRE_5_17,KV_PRE_5_17,KV_PRE_5_17,KV_PRE_5_17,KV_PRE_5_17,KV_PRE_5_17,KV_UNDEF,KV_PRE_5_17,KV_PRE_5_17,KV_PRE_5_17
sysinfo,KV_PRE_5_17,KV_PRE_5_17,KV_PRE_5_17,KV_PRE_5_17,KV_PRE_5_17,KV_PRE_5_17,KV_PRE_5_17,KV_PRE_5_17,KV_PRE_5_17,KV_PRE_5_17,KV_PRE_5_17,KV_PRE_5_17,KV_PRE_5_17,KV_PRE_5_17,KV_PRE_5_17,KV_PRE_5_17
syslog,KV_PRE_5_17,KV_PRE_5_17,KV_PRE_5_17,KV_PRE_5_17,KV_PRE_5_17,KV_PRE_5_17,KV_PRE_5_17,KV_PRE_5_17,KV_PRE_5_17,KV_PRE_5_17,KV_PRE_5_17,KV_PRE_5_17,KV_PRE_5_17,KV_PRE_5_17,KV_PRE_5_17,KV_PRE_5_17
sysmips,KV_UNDEF,KV_UNDEF,KV_UNDEF,KV_UNDEF,KV_UNDEF,KV_PRE_5_17,KV_PRE_5_17,KV_PRE_5_17,KV_UNDEF,KV_UNDEF,KV_UNDEF,KV_UNDEF,KV_UNDEF,KV_UNDEF,KV_UNDEF,KV_UNDEF
tee,KV_PRE_5_17,KV_PRE_5_17,KV_PRE_5_17,KV_PRE_5_17,KV_PRE_5_17,KV_PRE_5_17,KV_PRE_5_17,KV_PRE_5_17,KV_PRE_5_17,KV_PRE_5_17,KV_PRE_5_17,KV_PRE_5_17,KV_PRE_5_17,KV_PRE_5_17,KV_PRE_5_17,KV_PRE_5_17
tgkill,KV_PRE_5_17,KV_PRE_5_17,KV_PRE_5_17,KV_PRE_5_17,KV_PRE_5_17,KV_PRE_5_17,KV_PRE_5_17,KV_PRE_5_17,KV_PRE_5_17,KV_PRE_5_17,KV_PRE_5_17,KV_PRE_5_17,KV_PRE_5_17,KV_PRE_5_17,KV_PRE_5_17,KV_PRE_5_17
time,KV_PRE_5_17,KV_PRE_5_17,KV_PRE_5_17,KV_UNDEF,KV_UNDEF,KV_PRE_5_17,KV_UNDEF,KV_UNDEF,KV_PRE_5_17,KV_PRE_5_17,KV_PRE_5_17,KV_PRE_5_17,KV_UNDEF,KV_PRE_5_17,KV_UNDEF,KV_PRE_5_17
timer_create,KV_PRE_5_17,KV_PRE_5_17,KV_PRE_5_17,KV_PRE_5_17,KV_PRE_5_17,KV_PRE_5_17,KV_PRE_5_17,KV_PRE_5_17,KV_PRE_5_17,KV_PRE_5_17,KV_PRE_5_17,KV_PRE_5_17,KV_PRE_5_17,KV_PRE_5_17,KV_PRE_5_17,KV_PRE_5_17
timer_delete,KV_PRE_5_17,KV_PRE_5_17,KV_PRE_5_17,KV_PRE_5_17,KV_PRE_5_17,KV_PRE_5_17,KV_PRE_5_17,KV_PRE_5_17,KV_PRE_5_17,KV_PRE_5_17,KV_PRE_5_17,KV_PRE_5_17,KV_PRE_5_17,KV_PRE_5_17,KV_PRE_5_17,KV_PRE_5_17
timerfd,KV_UNDEF,KV_UNDEF,KV_UNDEF,KV_UNDEF,KV_UNDEF,KV_PRE_5_17,KV_PRE_5_17,KV_PRE_5_17,KV_UNDEF,KV_UNDEF,KV_UNDEF,KV_UNDEF,KV_UNDEF,KV_PRE_5_17,KV_PRE_5_17,KV_UNDEF
timerfd_create,KV_PRE_5_17,KV_PRE_5_17,KV_PRE_5_17,KV_PRE_5_17,KV_PRE_5_17,KV_PRE_5_17,KV_PRE_5_17,KV_PRE_5_17,KV_PRE_5_17,KV_PRE_5_17,KV_PRE_5_17,KV_PRE_5_17,KV_PRE_5_17,KV_PRE_5_17,KV_PRE_5_17,KV_PRE_5_17
timerfd_gettime,KV_PRE_5_17,KV_PRE_5_17,KV_PRE_5_17,KV_PRE_5_17,KV_PRE_5_17,KV_PRE_5_17,KV_PRE_5_17,KV_PRE_5_17,KV_PRE_5_17,KV_PRE_5_17,KV_PRE_5_17,KV_PRE_5_17,KV_PRE_5_17,KV_PRE_5_17,KV_PRE_5_17,KV_PRE_5_17
timerfd_gettime64,KV_PRE_5_17,KV_UNDEF,KV_UNDEF,KV_PRE_5_17,KV_UNDEF,KV_PRE_5_17,KV_UNDEF,KV_PRE_5_17,KV_PRE_5_17,KV_UNDEF,KV_PRE_5_17,KV_UNDEF,KV_UNDEF,KV_PRE_5_17,KV_UNDEF,KV_PRE_5_17
timerfd_settime,KV_PRE_5_17,KV_PRE_5_17,KV_PRE_5_17,KV_PRE_5_17,KV_PRE_5_17,KV_PRE_5_17,KV_PRE_5_17,KV_PRE_5_17,KV_PRE_5_17,KV_PRE_5_17,KV_PRE_5_17,KV_PRE_5_17,KV_PRE_5_17,KV_PRE_5_17,KV_PRE_5_17,KV_PRE_5_17
timerfd_settime64,KV_PRE_5_17,KV_UNDEF,KV_UNDEF,KV_PRE_5_17,KV_UNDEF,KV_PRE_5_17,KV_UNDEF,KV_PRE_5_17,KV_PRE_5_17,KV_UNDEF,KV_PRE_5_17,KV_UNDEF,KV_UNDEF,KV_PRE_5_17,KV_UNDEF,KV_PRE_5_17
timer_getoverrun,KV_PRE_5_17,KV_PRE_5_17,KV_PRE_5_17,KV_PRE_5_17,KV_PRE_5_17,KV_PRE_5_17,KV_PRE_5_17,KV_PRE_5_17,KV_PRE_5_17,KV_PRE_5_17,KV_PRE_5_17,KV_PRE_5_17,KV_PRE_5_17,KV_PRE_5_17,KV_PRE_5_17,KV_PRE_5_17
timer_gettime,KV_PRE_5_17,KV_PRE_5_17,KV_PRE_5_17,KV_PRE_5_17,KV_PRE_5_17,KV_PRE_5_17,KV_PRE_5_17,KV_PRE_5_17,KV_PRE_5_17,KV_PRE_5_17,KV_PRE_5_17,KV_PRE_5_17,KV_PRE_5_17,KV_PRE_5_17,KV_PRE_5_17,KV_PRE_5_17
timer_gettime64,KV_PRE_5_17,KV_UNDEF,KV_UNDEF,KV_PRE_5_17,KV_UNDEF,KV_PRE_5_17,KV_UNDEF,KV_PRE_5_17,KV_PRE_5_17,KV_UNDEF,KV_PRE_5_17,KV_UNDEF,KV_UNDEF,KV_PRE_5_17,KV_UNDEF,KV_PRE_5_17
timer_settime,KV_PRE_5_17,KV_PRE_5_17,KV_PRE_5_17,KV_PRE_5_17,KV_PRE_5_17,KV_PRE_5_17,KV_PRE_5_17,KV_PRE_5_17,KV_PRE_5_17,KV_PRE_5_17,KV_PRE_5_17,KV_PRE_5_17,KV_PRE_5_17,KV_PRE_5_17,KV_PRE_5_17,KV_PRE_5_17
timer_settime64,KV_PRE_5_17,KV_UNDEF,KV_UNDEF,KV_PRE_5_17,KV_UNDEF,KV_PRE_5_17,KV_UNDEF,KV_PRE_5_17,KV_PRE_5_17,KV_UNDEF,KV_PRE_5_17,KV_UNDEF,KV_UNDEF,KV_PRE_5_17,KV_UNDEF,KV_PRE_5_17
times,KV_PRE_5_17,KV_PRE_5_17,KV_PRE_5_17,KV_PRE_5_17,KV_PRE_5_17,KV_PRE_5_17,KV_PRE_5_17,KV_PRE_5_17,KV_PRE_5_17,KV_PRE_5_17,KV_PRE_5_17,KV_PRE_5_17,KV_PRE_5_17,KV_PRE_5_17,KV_PRE_5_17,KV_PRE_5_17
tkill,KV_PRE_5_17,KV_PRE_5_17,KV_PRE_5_17,KV_PRE_5_17,KV_PRE_5_17,KV_PRE_5_17,KV_PRE_5_17,KV_PRE_5_17,KV_PRE_5_17,KV_PRE_5_17,KV_PRE_5_17,KV_PRE_5_17,KV_PRE_5_17,KV_PRE_5_17,KV_PRE_5_17,KV_PRE_5_17
truncate,KV_PRE_5_17,KV_PRE_5_17,KV_PRE_5_17,KV_PRE_5_17,KV_PRE_5_17,KV_PRE_5_17,KV_PRE_5_17,KV_PRE_5_17,KV_PRE_5_17,KV_PRE_5_17,KV_PRE_5_17,KV_PRE_5_17,KV_PRE_5_17,KV_PRE_5_17,KV_PRE_5_17,KV_PRE_5_17
truncate64,KV_PRE_5_17,KV_UNDEF,KV_UNDEF,KV_PRE_5_17,KV_UNDEF,KV_PRE_5_17,KV_UNDEF,KV_UNDEF,KV_PRE_5_17,KV_PRE_5_17,KV_PRE_5_17,KV_UNDEF,KV_UNDEF,KV_PRE_5_17,KV_UNDEF,KV_PRE_5_17
tuxcall,KV_UNDEF,KV_PRE_5_17,KV_PRE_5_17,KV_UNDEF,KV_UNDEF,KV_UNDEF,KV_UNDEF,KV_UNDEF,KV_UNDEF,KV_UNDEF,KV_PRE_5_17,KV_PRE_5_17,KV_UNDEF,KV_UNDEF,KV_UNDEF,KV_UNDEF
ugetrlimit,KV_PRE_5_17,KV_UNDEF,KV_UNDEF,KV_PRE_5_17,KV_UNDEF,KV_UNDEF,KV_UNDEF,KV_UNDEF,KV_UNDEF,KV_UNDEF,KV_PRE_5_17,KV_PRE_5_17,KV_UNDEF,KV_PRE_5_17,KV_UNDEF,KV_PRE_5_17
ulimit,KV_PRE_5_17,KV_UNDEF,KV_UNDEF,KV_UNDEF,KV_UNDEF,KV_PRE_5_17,KV_UNDEF,KV_UNDEF,KV_UNDEF,KV_UNDEF,KV_PRE_5_17,KV_PRE_5_17,KV_UNDEF,KV_UNDEF,KV_UNDEF,KV_UNDEF
umask,KV_PRE_5_17,KV_PRE_5_17,KV_PRE_5_17,KV_PRE_5_17,KV_PRE_5_17,KV_PRE_5_17,KV_PRE_5_17,KV_PRE_5_17,KV_PRE_5_17,KV_PRE_5_17,KV_PRE_5_17,KV_PRE_5_17,KV_PRE_5_17,KV_PRE_5_17,KV_PRE_5_17,KV_PRE_5_17
umount,KV_PRE_5_17,KV_UNDEF,KV_UNDEF,KV_UNDEF,KV_UNDEF,KV_PRE_5_17,KV_UNDEF,KV_UNDEF,KV_UNDEF,KV_UNDEF,KV_PRE_5_17,KV_PRE_5_17,KV_UNDEF,KV_PRE_5_17,KV_PRE_5_17,KV_PRE_5_17
umount2,KV_PRE_5_17,KV_PRE_5_17,KV_PRE_5_17,KV_PRE_5_17,KV_PRE_5_17,KV_PRE_5_17,KV_PRE_5_17,KV_PRE_5_17,KV_PRE_5_17,KV_PRE_5_17,KV_PRE_5_17,KV_PRE_5_17,KV_PRE_5_17,KV_PRE_5_17,KV_PRE_5_17,KV_PRE_5_17
uname,KV_PRE_5_17,KV_PRE_5_17,KV_PRE_5_17,KV_PRE_5_17,KV_PRE_5_17,KV_PRE_5_17,KV_PRE_5_17,KV_PRE_5_17,KV_PRE_5_17,KV_PRE_5_17,KV_PRE_5_17,KV_PRE_5_17,KV_PRE_5_17,KV_PRE_5_17,KV_PRE_5_17,KV_PRE_5_17
unlink,KV_PRE_5_17,KV_PRE_5_17,KV_PRE_5_17,KV_PRE_5_17,KV_UNDEF,KV_PRE_5_17,KV_PRE_5_17,KV_PRE_5_17,KV_PRE_5_17,KV_PRE_5_17,KV_PRE_5_17,KV_PRE_5_17,KV_UNDEF,KV_PRE_5_17,KV_PRE_5_17,KV_PRE_5_17
unlinkat,KV_PRE_5_17,KV_PRE_5_17,KV_PRE_5_17,KV_PRE_5_17,KV_PRE_5_17,KV_PRE_5_17,KV_PRE_5_17,KV_PRE_5_17,KV_PRE_5_17,KV_PRE_5_17,KV_PRE_5_17,KV_PRE_5_17,KV_PRE_5_17,KV_PRE_5_17,KV_PRE_5_17,KV_PRE_5_17
unshare,KV_PRE_5_17,KV_PRE_5_17,KV_PRE_5_17,KV_PRE_5_17,KV_PRE_5_17,KV_PRE_5_17,KV_PRE_5_17,KV_PRE_5_17,KV_PRE_5_17,KV_PRE_5_17,KV_PRE_5_17,KV_PRE_5_17,KV_PRE_5_17,KV_PRE_5_17,KV_PRE_5_17,KV_PRE_5_17
uselib,KV_PRE_5_17,KV_PRE_5_17,KV_UNDEF,KV_PRE_5_17,KV_UNDEF,KV_PRE_5_17,KV_UNDEF,KV_UNDEF,KV_PRE_5_17,KV_PRE_5_17,KV_PRE_5_17,KV_PRE_5_17,KV_UNDEF,KV_PRE_5_17,KV_PRE_5_17,KV_PRE_5_17
userfaultfd,KV_PRE_5_17,KV_PRE_5_17,KV_PRE_5_17,KV_PRE_5_17,KV_PRE_5_17,KV_PRE_5_17,KV_PRE_5_17,KV_PRE_5_17,KV_PRE_5_17,KV_PRE_5_17,KV_PRE_5_17,KV_PRE_5_17,KV_PRE_5_17,KV_PRE_5_17,KV_PRE_5_17,KV_PRE_5_17
usr26,KV_UNDEF,KV_UNDEF,KV_UNDEF,KV_PRE_5_17,KV_UNDEF,KV_UNDEF,KV_UNDEF,KV_UNDEF,KV_UNDEF,KV_UNDEF,KV_UNDEF,KV_UNDEF,KV_UNDEF,KV_UNDEF,KV_UNDEF,KV_UNDEF
usr32,KV_UNDEF,KV_UNDEF,KV_UNDEF,KV_PRE_5_17,KV_UNDEF,KV_UNDEF,KV_UNDEF,KV_UNDEF,KV_UNDEF,KV_UNDEF,KV_UNDEF,KV_UNDEF,KV_UNDEF,KV_UNDEF,KV_UNDEF,KV_UNDEF
ustat,KV_PRE_5_17,KV_PRE_5_17,KV_PRE_5_17,KV_PRE_5_17,KV_UNDEF,KV_PRE_5_17,KV_PRE_5_17,KV_PRE_5_17,KV_PRE_5_17,KV_PRE_5_17,KV_PRE_5_17,KV_PRE_5_17,KV_UNDEF,KV_PRE_5_17,KV_PRE_5_17,KV_PRE_5_17
utime,KV_PRE_5_17,KV_PRE_5_17,KV_PRE_5_17,KV_UNDEF,KV_UNDEF,KV_PRE_5_17,KV_PRE_5_17,KV_PRE_5_17,KV_PRE_5_17,KV_PRE_5_17,KV_PRE_5_17,KV_PRE_5_17,KV_UNDEF,KV_PRE_5_17,KV_PRE_5_17,KV_PRE_5_17
utimensat,KV_PRE_5_17,KV_PRE_5_17,KV_PRE_5_17,KV_PRE_5_17,KV_PRE_5_17,KV_PRE_5_17,KV_PRE_5_17,KV_PRE_5_17,KV_PRE_5_17,KV_PRE_5_17,KV_PRE_5_17,KV_PRE_5_17,KV_PRE_5_17,KV_PRE_5_17,KV_PRE_5_17,KV_PRE_5_17
utimensat_time64,KV_PRE_5_17,KV_UNDEF,KV_UNDEF,KV_PRE_5_17,KV_UNDEF,KV_PRE_5_17,KV_UNDEF,KV_PRE_5_17,KV_PRE_5_17,KV_UNDEF,KV_PRE_5_17,KV_UNDEF,KV_UNDEF,KV_PRE_5_17,KV_UNDEF,KV_PRE_5_17
utimes,KV_PRE_5_17,KV_PRE_5_17,KV_PRE_5_17,KV_PRE_5_17,KV_UNDEF,KV_PRE_5_17,KV_PRE_5_17,KV_PRE_5_17,KV_PRE_5_17,KV_PRE_5_17,KV_PRE_5_17,KV_PRE_5_17,KV_UNDEF,KV_PRE_5_17,KV_PRE_5_17,KV_PRE_5_17
vfork,KV_PRE_5_17,KV_PRE_5_17,KV_PRE_5_17,KV_PRE_5_17,KV_UNDEF,KV_UNDEF,KV_UNDEF,KV_UNDEF,KV_PRE_5_17,KV_PRE_5_17,KV_PRE_5_17,KV_PRE_5_17,KV_UNDEF,KV_PRE_5_17,KV_PRE_5_17,KV_PRE_5_17
vhangup,KV_PRE_5_17,KV_PRE_5_17,KV_PRE_5_17,KV_PRE_5_17,KV_PRE_5_17,KV_PRE_5_17,KV_PRE_5_17,KV_PRE_5_17,KV_PRE_5_17,KV_PRE_5_17,KV_PRE_5_17,KV_PRE_5_17,KV_PRE_5_17,KV_PRE_5_17,KV_PRE_5_17,KV_PRE_5_17
vm86,KV_PRE_5_17,KV_UNDEF,KV_UNDEF,KV_UNDEF,KV_UNDEF,KV_PRE_5_17,KV_UNDEF,KV_UNDEF,KV_UNDEF,KV_UNDEF,KV_PRE_5_17,KV_PRE_5_17,KV_UNDEF,KV_UNDEF,KV_UNDEF,KV_UNDEF
vm86old,KV_PRE_5_17,KV_UNDEF,KV_UNDEF,KV_UNDEF,KV_UNDEF,KV_UNDEF,KV_UNDEF,KV_UNDEF,KV_UNDEF,KV_UNDEF,KV_UNDEF,KV_UNDEF,KV_UNDEF,KV_UNDEF,KV_UNDEF,KV_UNDEF
vmsplice,KV_PRE_5_17,KV_PRE_5_17,KV_PRE_5_17,KV_PRE_5_17,KV_PRE_5_17,KV_PRE_5_17,KV_PRE_5_17,KV_PRE_5_17,KV_PRE_5_17,KV_PRE_5_17,KV_PRE_5_17,KV_PRE_5_17,KV_PRE_5_17,KV_PRE_5_17,KV_PRE_5_17,KV_PRE_5_17
vserver,KV_PRE_5_17,KV_PRE_5_17,KV_UNDEF,KV_PRE_5_17,KV_UNDEF,KV_PRE_5_17,KV_PRE_5_17,KV_PRE_5_17,KV_UNDEF,KV_UNDEF,KV_UNDEF,KV_UNDEF,KV_UNDEF,KV_UNDEF,KV_UNDEF,KV_UNDEF
wait4,KV_PRE_5_17,KV_PRE_5_17,KV_PRE_5_17,KV_PRE_5_17,KV_PRE_5_17,KV_PRE_5_17,KV_PRE_5_17,KV_PRE_5_17,KV_PRE_5_17,KV_PRE_5_17,KV_PRE_5_17,KV_PRE_5_17,KV_PRE_5_17,KV_PRE_5_17,KV_PRE_5_17,KV_PRE_5_17
waitid,KV_PRE_5_17,KV_PRE_5_17,KV_PRE_5_17,KV_PRE_5_17,KV_PRE_5_17,KV_PRE_5_17,KV_PRE_5_17,KV_PRE_5_17,KV_PRE_5_17,KV_PRE_5_17,KV_PRE_5_17,KV_PRE_5_17,KV_PRE_5_17,KV_PRE_5_17,KV_PRE_5_17,KV_PRE_5_17
waitpid,KV_PRE_5_17,KV_UNDEF,KV_UNDEF,KV_UNDEF,KV_UNDEF,KV_PRE_5_17,KV_UNDEF,KV_UNDEF,KV_PRE_5_17,KV_PRE_5_17,KV_PRE_5_17,KV_PRE_5_17,KV_UNDEF,KV_UNDEF,KV_UNDEF,KV_PRE_5_17
write,KV_PRE_5_17,KV_PRE_5_17,KV_PRE_5_17,KV_PRE_5_17,KV_PRE_5_17,KV_PRE_5_17,KV_PRE_5_17,KV_PRE_5_17,KV_PRE_5_17,KV_PRE_5_17,KV_PRE_5_17,KV_PRE_5_17,KV_PRE_5_17,KV_PRE_5_17,KV_PRE_5_17,KV_PRE_5_17
writev,KV_PRE_5_17,KV_PRE_5_17,KV_PRE_5_17,KV_PRE_5_17,KV_PRE_5_17,KV_PRE_5_17,KV_PRE_5_17,KV_PRE_5_17,KV_PRE_5_17,KV_PRE_5_17,KV_PRE_5_17,KV_PRE_5_17,KV_PRE_5_17,KV_PRE_5_17,KV_PRE_5_17,KV_PRE_5_17
